,A,C,D,E,F,G,H,I,K,L,M,N,P,Q,R,S,T,V,W,Y,-
Position 1,0.0,0.0,0.0,0.0,0.0,0.0,0.0,0.0,0.0,0.0,1.0,0.0,0.0,0.0,0.0,0.0,0.0,0.0,0.0,0.0,0.0
Position 2,0.0,0.0,0.0,0.016331658291457288,0.0,0.0,0.0,0.0,0.9761306532663316,0.0,0.001256281407035176,0.002512562814070352,0.0,0.0,0.002512562814070352,0.0,0.001256281407035176,0.0,0.0,0.0,0.0
Position 3,0.8618090452261307,0.0,0.0,0.001256281407035176,0.0,0.0,0.0,0.0,0.0,0.0,0.0,0.0,0.001256281407035176,0.001256281407035176,0.0,0.0,0.00628140703517588,0.12814070351758794,0.0,0.0,0.0
Position 4,0.0,0.0,0.0,0.0,0.0,0.0,0.0,0.757537688442211,0.1984924623115578,0.0,0.00628140703517588,0.007537688442211055,0.0,0.0,0.020100502512562814,0.0,0.00628140703517588,0.002512562814070352,0.0,0.0,0.001256281407035176
Position 5,0.0,0.0,0.0,0.0,0.0,0.0,0.0,0.0037688442211055275,0.0,0.9962311557788944,0.0,0.0,0.0,0.0,0.0,0.0,0.0,0.0,0.0,0.0,0.0
Position 6,0.016331658291457288,0.0,0.0,0.0,0.0037688442211055275,0.0,0.0,0.00628140703517588,0.0,0.22487437185929648,0.002512562814070352,0.0,0.0,0.0,0.0,0.0,0.0,0.7449748743718593,0.0,0.0,0.001256281407035176
Position 7,0.0037688442211055275,0.0,0.0,0.0,0.0037688442211055275,0.0,0.0,0.026381909547738693,0.0,0.0,0.0,0.0,0.0,0.0,0.0,0.0,0.001256281407035176,0.964824120603015,0.0,0.0,0.0
Position 8,0.0,0.0,0.0,0.0,0.0,0.0,0.0,0.0,0.0,0.9635678391959799,0.03391959798994975,0.0,0.0,0.0,0.0,0.0,0.0,0.001256281407035176,0.0,0.0,0.001256281407035176
Position 9,0.0,0.0,0.0,0.0,0.005025125628140704,0.0,0.0,0.0,0.0,0.9937185929648241,0.0,0.0,0.0,0.001256281407035176,0.0,0.0,0.0,0.0,0.0,0.0,0.0
Position 10,0.0,0.23743718592964824,0.001256281407035176,0.0,0.002512562814070352,0.0,0.007537688442211055,0.0,0.0,0.0,0.0,0.0,0.0,0.0,0.0,0.0,0.0,0.0,0.0,0.7512562814070352,0.0
Position 11,0.08417085427135679,0.0,0.0,0.0,0.0,0.0,0.0,0.00628140703517588,0.001256281407035176,0.0,0.0,0.0,0.0,0.0,0.0,0.0,0.9082914572864321,0.0,0.0,0.0,0.0
Position 12,0.0,0.0,0.0,0.0,0.928391959798995,0.0,0.0,0.0037688442211055275,0.0,0.06532663316582915,0.0,0.0,0.0,0.0,0.0,0.001256281407035176,0.0,0.0,0.0,0.0,0.001256281407035176
Position 13,0.5904522613065326,0.0,0.0,0.0,0.0,0.0,0.0,0.0,0.002512562814070352,0.0,0.0,0.0,0.0,0.0,0.0,0.02763819095477387,0.3743718592964824,0.005025125628140704,0.0,0.0,0.0
Position 14,0.23618090452261306,0.0,0.0,0.0,0.0,0.0,0.0,0.008793969849246231,0.0,0.0,0.0,0.0,0.005025125628140704,0.0,0.0,0.001256281407035176,0.7462311557788944,0.0,0.0,0.0,0.002512562814070352
Position 15,0.7613065326633166,0.0,0.0,0.0,0.0,0.0,0.0,0.001256281407035176,0.0,0.0037688442211055275,0.0,0.0,0.0,0.0,0.0,0.001256281407035176,0.22989949748743718,0.002512562814070352,0.0,0.0,0.0
Position 16,0.0,0.0,0.0678391959798995,0.0,0.0,0.0,0.002512562814070352,0.0,0.007537688442211055,0.0,0.0,0.7600502512562815,0.0,0.0,0.0,0.007537688442211055,0.001256281407035176,0.0,0.0,0.15201005025125627,0.001256281407035176
Position 17,0.9912060301507538,0.0,0.0,0.0,0.0,0.0,0.0,0.0,0.0,0.0,0.0,0.0,0.0,0.0,0.0,0.002512562814070352,0.0037688442211055275,0.001256281407035176,0.0,0.0,0.001256281407035176
Position 18,0.0,0.0,0.9962311557788944,0.001256281407035176,0.0,0.0,0.0,0.0,0.0,0.0,0.0,0.001256281407035176,0.0,0.0,0.0,0.0,0.0,0.0,0.0,0.001256281407035176,0.0
Position 19,0.0,0.0,0.0,0.0,0.0,0.0,0.0,0.0037688442211055275,0.002512562814070352,0.0,0.0,0.0,0.002512562814070352,0.0,0.0,0.0,0.9912060301507538,0.0,0.0,0.0,0.0
Position 20,0.0,0.0,0.0,0.0,0.0,0.0,0.0,0.228643216080402,0.0,0.7688442211055276,0.0,0.0,0.0,0.0,0.0,0.0,0.0,0.0,0.0,0.0,0.002512562814070352
Position 21,0.0,0.9912060301507538,0.0,0.0,0.001256281407035176,0.0037688442211055275,0.0,0.0,0.0,0.0,0.0,0.0,0.0,0.0,0.001256281407035176,0.001256281407035176,0.0,0.0,0.0,0.0,0.001256281407035176
Position 22,0.0,0.0,0.0,0.0,0.0,0.0,0.0,0.9886934673366834,0.0,0.001256281407035176,0.0,0.0,0.0,0.0,0.0,0.0,0.0,0.008793969849246231,0.0,0.0,0.001256281407035176
Position 23,0.0,0.0,0.0,0.0,0.0,0.9987437185929648,0.0,0.0,0.0,0.0,0.0,0.0,0.0,0.0,0.0,0.0,0.0,0.0,0.0,0.0,0.001256281407035176
Position 24,0.0,0.0,0.0,0.0,0.0037688442211055275,0.0,0.0,0.0,0.0,0.0,0.0,0.0,0.0,0.0,0.0,0.0,0.0,0.0,0.0,0.9912060301507538,0.005025125628140704
Position 25,0.0,0.0,0.0,0.0,0.0,0.0,0.9974874371859297,0.0,0.0,0.0,0.0,0.0,0.0,0.0,0.001256281407035176,0.0,0.0,0.0,0.0,0.0,0.001256281407035176
Position 26,0.9987437185929648,0.0,0.0,0.0,0.0,0.0,0.0,0.0,0.0,0.0,0.0,0.0,0.0,0.0,0.0,0.0,0.0,0.0,0.0,0.0,0.001256281407035176
Position 27,0.0,0.0,0.001256281407035176,0.0,0.0,0.0,0.0,0.0,0.001256281407035176,0.0,0.0,0.9937185929648241,0.0,0.0,0.0,0.0,0.002512562814070352,0.0,0.0,0.001256281407035176,0.0
Position 28,0.0,0.0,0.0,0.0,0.0,0.0,0.0,0.0,0.0,0.0,0.0,0.9974874371859297,0.0,0.0,0.0,0.002512562814070352,0.0,0.0,0.0,0.0,0.0
Position 29,0.001256281407035176,0.0,0.0,0.0,0.0,0.0,0.0,0.0,0.0,0.0,0.0,0.0,0.0,0.0,0.0,0.9974874371859297,0.0,0.0,0.0,0.0,0.001256281407035176
Position 30,0.001256281407035176,0.0,0.0,0.0,0.0,0.0,0.0,0.0,0.0,0.0,0.0,0.0,0.0,0.0,0.0,0.001256281407035176,0.9974874371859297,0.0,0.0,0.0,0.0
Position 31,0.001256281407035176,0.0,0.9962311557788944,0.0,0.0,0.001256281407035176,0.0,0.0,0.0,0.0,0.0,0.0,0.0,0.0,0.0,0.0,0.0,0.0,0.0,0.0,0.001256281407035176
Position 32,0.002512562814070352,0.0,0.0,0.0,0.0,0.0,0.0,0.001256281407035176,0.0,0.0,0.0,0.0,0.0,0.0,0.0,0.0,0.9949748743718593,0.0,0.0,0.0,0.001256281407035176
Position 33,0.0,0.0,0.0,0.001256281407035176,0.0,0.0,0.0,0.001256281407035176,0.0,0.0,0.0,0.0,0.0,0.0,0.0,0.0,0.0,0.9962311557788944,0.0,0.0,0.001256281407035176
Position 34,0.001256281407035176,0.0,0.9962311557788944,0.0,0.0,0.0,0.0,0.0,0.0,0.0,0.0,0.0,0.0,0.0,0.0,0.0,0.0,0.0,0.0,0.0,0.002512562814070352
Position 35,0.0,0.0,0.0,0.0,0.0,0.0,0.0,0.0,0.0,0.0,0.0,0.0,0.001256281407035176,0.0,0.0,0.0,0.9974874371859297,0.0,0.0,0.0,0.001256281407035176
Position 36,0.0,0.0,0.0,0.0,0.0,0.0,0.0,0.026381909547738693,0.0,0.008793969849246231,0.0,0.0,0.0,0.0,0.0,0.0,0.0,0.9635678391959799,0.0,0.0,0.001256281407035176
Position 37,0.0,0.0,0.0,0.0,0.002512562814070352,0.0,0.0,0.001256281407035176,0.0,0.9949748743718593,0.0,0.0,0.0,0.0,0.0,0.0,0.0,0.0,0.0,0.0,0.001256281407035176
Position 38,0.0,0.0,0.0,0.9962311557788944,0.0,0.0,0.0,0.0,0.001256281407035176,0.0,0.0,0.0,0.0,0.0,0.0,0.0,0.0,0.0,0.0,0.0,0.002512562814070352
Position 39,0.0,0.0,0.0,0.0,0.0,0.0,0.0,0.0,0.9874371859296482,0.0,0.0,0.0,0.0,0.0,0.010050251256281407,0.0,0.0,0.0,0.0,0.0,0.002512562814070352
Position 40,0.0,0.0,0.0,0.0,0.0,0.0,0.0,0.0,0.001256281407035176,0.0,0.0,0.9974874371859297,0.0,0.0,0.0,0.0,0.0,0.0,0.0,0.0,0.001256281407035176
Position 41,0.0,0.0,0.001256281407035176,0.0,0.0,0.001256281407035176,0.0,0.001256281407035176,0.0,0.0,0.0,0.0,0.0,0.0,0.0,0.0,0.0,0.9962311557788944,0.0,0.0,0.0
Position 42,0.0037688442211055275,0.0,0.0,0.0,0.0,0.0,0.0,0.0,0.0,0.0,0.0,0.0,0.002512562814070352,0.0,0.0,0.002512562814070352,0.9912060301507538,0.0,0.0,0.0,0.0
Position 43,0.0,0.0,0.0,0.0,0.0,0.0,0.0,0.001256281407035176,0.0,0.0,0.0,0.0,0.001256281407035176,0.0,0.0,0.0,0.0,0.9974874371859297,0.0,0.0,0.0
Position 44,0.0,0.0,0.0,0.0,0.0,0.0,0.0,0.0,0.0,0.0,0.0,0.0,0.0,0.0,0.0,0.0,0.9987437185929648,0.0,0.001256281407035176,0.0,0.0
Position 45,0.0,0.0,0.0,0.0,0.0,0.0,0.9949748743718593,0.0,0.0,0.0,0.0,0.0,0.001256281407035176,0.001256281407035176,0.0,0.0,0.0,0.0,0.0,0.001256281407035176,0.001256281407035176
Position 46,0.0,0.0,0.0,0.0,0.0,0.0,0.0,0.0,0.0,0.001256281407035176,0.0,0.0,0.001256281407035176,0.0,0.0,0.9912060301507538,0.0,0.0,0.0,0.001256281407035176,0.005025125628140704
Position 47,0.010050251256281407,0.0,0.0,0.0,0.0,0.002512562814070352,0.0,0.002512562814070352,0.0,0.0,0.0,0.0,0.0,0.0,0.0,0.0,0.0,0.9798994974874372,0.0,0.0,0.005025125628140704
Position 48,0.0,0.0,0.00628140703517588,0.0,0.0,0.0,0.001256281407035176,0.0,0.0,0.0,0.0,0.9874371859296482,0.0,0.0,0.0,0.0,0.0,0.0,0.0,0.0,0.005025125628140704
Position 49,0.0,0.0,0.0,0.0,0.001256281407035176,0.0,0.0,0.01256281407035176,0.0,0.9798994974874372,0.0,0.0,0.001256281407035176,0.0,0.0,0.001256281407035176,0.0,0.0,0.0,0.0,0.0037688442211055275
Position 50,0.0,0.0,0.0,0.0,0.0,0.0,0.0,0.001256281407035176,0.0,0.992462311557789,0.0,0.0,0.0,0.0,0.0,0.001256281407035176,0.0,0.001256281407035176,0.0,0.0,0.0037688442211055275
Position 51,0.0,0.0,0.0,0.992462311557789,0.0,0.001256281407035176,0.0,0.0,0.001256281407035176,0.0,0.0,0.0,0.0,0.0,0.0,0.0,0.0,0.0,0.0,0.0,0.005025125628140704
Position 52,0.001256281407035176,0.0,0.8957286432160804,0.002512562814070352,0.0,0.0037688442211055275,0.0,0.0,0.0,0.0,0.0,0.0942211055276382,0.0,0.0,0.0,0.001256281407035176,0.0,0.0,0.0,0.001256281407035176,0.0
Position 53,0.0,0.0,0.0,0.002512562814070352,0.0,0.0,0.0,0.0,0.7537688442211056,0.0,0.001256281407035176,0.02135678391959799,0.0,0.0,0.020100502512562814,0.19974874371859297,0.0,0.0,0.0,0.0,0.001256281407035176
Position 54,0.0,0.0,0.0,0.0,0.0,0.0,0.9974874371859297,0.0,0.0,0.0,0.0,0.0,0.001256281407035176,0.0,0.0,0.0,0.0,0.0,0.0,0.001256281407035176,0.0
Position 55,0.0,0.0,0.00628140703517588,0.0,0.0,0.0,0.0,0.0,0.0,0.0,0.0,0.9886934673366834,0.0,0.0,0.0,0.002512562814070352,0.0,0.0,0.0,0.001256281407035176,0.001256281407035176
Position 56,0.0,0.0,0.0,0.00628140703517588,0.0,0.9861809045226131,0.0,0.0,0.0,0.0,0.0,0.0,0.0,0.0,0.0037688442211055275,0.0,0.0,0.001256281407035176,0.0,0.0,0.002512562814070352
Position 57,0.0,0.0,0.0,0.0,0.0,0.0,0.0,0.0,0.9962311557788944,0.0,0.0,0.0,0.0,0.0,0.0,0.0,0.001256281407035176,0.0,0.0,0.0,0.002512562814070352
Position 58,0.0,0.0,0.0,0.0,0.0,0.0,0.0,0.0,0.0,0.9987437185929648,0.0,0.0,0.0,0.0,0.0,0.0,0.0,0.0,0.0,0.0,0.001256281407035176
Position 59,0.0,0.9974874371859297,0.0,0.0,0.0,0.0,0.0,0.0,0.0,0.0,0.0,0.0,0.0,0.0,0.0,0.001256281407035176,0.0,0.0,0.0,0.0,0.001256281407035176
Position 60,0.0,0.0,0.0,0.0,0.0,0.0,0.0,0.001256281407035176,0.7751256281407035,0.1444723618090452,0.0,0.005025125628140704,0.0,0.001256281407035176,0.06658291457286432,0.0037688442211055275,0.001256281407035176,0.0,0.0,0.0,0.001256281407035176
Position 61,0.0,0.0,0.0,0.0,0.0,0.0,0.0,0.001256281407035176,0.0,0.9949748743718593,0.0,0.0,0.001256281407035176,0.0,0.0,0.0,0.0,0.0,0.0,0.0,0.002512562814070352
Position 62,0.0,0.0,0.0,0.001256281407035176,0.0,0.010050251256281407,0.0,0.0,0.24623115577889448,0.0,0.0,0.0037688442211055275,0.0,0.0,0.7311557788944724,0.0,0.001256281407035176,0.001256281407035176,0.0,0.0,0.005025125628140704
Position 63,0.0,0.0,0.0,0.0037688442211055275,0.0,0.9937185929648241,0.0,0.0,0.0,0.0,0.0,0.0,0.0,0.0,0.0,0.0,0.0,0.0,0.0,0.0,0.002512562814070352
Position 64,0.007537688442211055,0.0,0.0,0.001256281407035176,0.0,0.001256281407035176,0.0,0.22487437185929648,0.016331658291457288,0.001256281407035176,0.0,0.0,0.0,0.0,0.0,0.0,0.007537688442211055,0.7361809045226131,0.0,0.0,0.0037688442211055275
Position 65,0.9635678391959799,0.0,0.0,0.0,0.0,0.0,0.0,0.001256281407035176,0.0,0.0,0.0,0.0,0.008793969849246231,0.0,0.0,0.00628140703517588,0.007537688442211055,0.007537688442211055,0.0,0.0,0.005025125628140704
Position 66,0.0,0.0,0.0,0.0,0.0,0.0,0.0,0.0,0.0,0.0,0.0,0.0,0.9974874371859297,0.0,0.0,0.001256281407035176,0.0,0.0,0.0,0.0,0.001256281407035176
Position 67,0.0,0.0,0.0,0.0,0.001256281407035176,0.0,0.0,0.0,0.0,0.9987437185929648,0.0,0.0,0.0,0.0,0.0,0.0,0.0,0.0,0.0,0.0,0.0
Position 68,0.0,0.0,0.0,0.0,0.0,0.0,0.7675879396984925,0.0,0.001256281407035176,0.0,0.0,0.001256281407035176,0.0,0.22613065326633167,0.001256281407035176,0.0,0.0,0.0,0.0,0.002512562814070352,0.0
Position 69,0.0,0.0,0.0,0.0,0.0,0.0,0.0,0.0,0.0,1.0,0.0,0.0,0.0,0.0,0.0,0.0,0.0,0.0,0.0,0.0,0.0
Position 70,0.0,0.0,0.0,0.001256281407035176,0.0,0.9949748743718593,0.0,0.0,0.0,0.0,0.0,0.0,0.0,0.0,0.002512562814070352,0.0,0.001256281407035176,0.0,0.0,0.0,0.0
Position 71,0.0,0.0,0.0,0.001256281407035176,0.0,0.0,0.0,0.0,0.8228643216080402,0.0,0.0,0.16959798994974876,0.0,0.0,0.002512562814070352,0.002512562814070352,0.0,0.0,0.0,0.0,0.001256281407035176
Position 72,0.0,0.9974874371859297,0.0,0.0,0.0,0.001256281407035176,0.0,0.0,0.0,0.0,0.0,0.0,0.0,0.0,0.001256281407035176,0.0,0.0,0.0,0.0,0.0,0.0
Position 73,0.0,0.0,0.002512562814070352,0.0,0.0,0.0,0.0,0.0,0.0,0.0,0.0,0.821608040201005,0.0,0.0,0.0,0.17462311557788945,0.001256281407035176,0.0,0.0,0.0,0.0
Position 74,0.0,0.0,0.0,0.0,0.0,0.0,0.0,0.8417085427135679,0.0,0.0,0.0,0.0,0.0,0.0,0.0,0.0,0.002512562814070352,0.15577889447236182,0.0,0.0,0.0
Position 75,0.9962311557788944,0.0,0.0,0.0,0.0,0.0,0.0,0.0,0.0,0.0,0.0,0.0,0.0,0.0,0.0,0.0,0.002512562814070352,0.0,0.0,0.0,0.001256281407035176
Position 76,0.0,0.0,0.0,0.0,0.0,1.0,0.0,0.0,0.0,0.0,0.0,0.0,0.0,0.0,0.0,0.0,0.0,0.0,0.0,0.0,0.0
Position 77,0.0,0.0,0.0,0.0,0.0,0.0,0.0,0.0,0.0,0.0,0.0,0.0,0.0,0.0,0.002512562814070352,0.0,0.0,0.0,0.9974874371859297,0.0,0.0
Position 78,0.0,0.0,0.0,0.0,0.0,0.0,0.0,0.949748743718593,0.0,0.038944723618090454,0.0,0.0,0.0,0.0,0.0,0.001256281407035176,0.001256281407035176,0.008793969849246231,0.0,0.0,0.0
Position 79,0.0,0.0,0.0,0.0,0.0,0.0,0.0,0.0,0.0,1.0,0.0,0.0,0.0,0.0,0.0,0.0,0.0,0.0,0.0,0.0,0.0
Position 80,0.0,0.0,0.0,0.0,0.0,1.0,0.0,0.0,0.0,0.0,0.0,0.0,0.0,0.0,0.0,0.0,0.0,0.0,0.0,0.0,0.0
Position 81,0.0,0.0,0.0,0.0,0.0,0.0,0.0,0.0,0.0,0.0,0.0,0.9962311557788944,0.0,0.0,0.0,0.002512562814070352,0.0,0.0,0.0,0.0,0.001256281407035176
Position 82,0.0,0.0,0.0,0.0,0.0,0.0,0.0,0.0,0.0,0.001256281407035176,0.0,0.0,0.9962311557788944,0.0,0.0,0.001256281407035176,0.0,0.0,0.0,0.0,0.001256281407035176
Position 83,0.0,0.0,0.0,0.9849246231155779,0.0,0.002512562814070352,0.0,0.0,0.00628140703517588,0.0,0.0,0.0,0.0,0.0,0.0,0.0,0.0,0.0,0.0,0.001256281407035176,0.005025125628140704
Position 84,0.0,0.9937185929648241,0.0,0.0,0.0,0.0,0.0,0.0,0.0,0.0,0.0,0.0,0.0,0.0,0.0,0.0,0.0,0.0,0.001256281407035176,0.0,0.005025125628140704
Position 85,0.0,0.0,0.032663316582914576,0.9585427135678392,0.0,0.005025125628140704,0.0,0.0,0.001256281407035176,0.0,0.0,0.0,0.0,0.0,0.0,0.0,0.0,0.001256281407035176,0.0,0.0,0.001256281407035176
Position 86,0.0,0.0,0.0,0.0,0.001256281407035176,0.0,0.0,0.0,0.0,0.15326633165829145,0.0,0.0,0.017587939698492462,0.0,0.0,0.8128140703517588,0.010050251256281407,0.0,0.0,0.0,0.005025125628140704
Position 87,0.0,0.0,0.0,0.0,0.010050251256281407,0.0,0.0,0.001256281407035176,0.0,0.9849246231155779,0.0,0.0,0.0,0.0,0.0,0.0,0.0,0.0,0.0,0.0,0.0037688442211055275
Position 88,0.002512562814070352,0.0,0.0,0.0,0.03768844221105527,0.0,0.0,0.13944723618090452,0.0,0.05402010050251256,0.0,0.001256281407035176,0.001256281407035176,0.0,0.0,0.757537688442211,0.0,0.005025125628140704,0.0,0.001256281407035176,0.0
Position 89,0.0037688442211055275,0.0,0.0,0.0,0.0,0.0,0.0,0.0037688442211055275,0.0,0.0,0.0,0.0,0.031407035175879394,0.0,0.0,0.19095477386934673,0.7688442211055276,0.0,0.0,0.0,0.001256281407035176
Position 90,0.7688442211055276,0.0,0.0,0.005025125628140704,0.0,0.0,0.0,0.0,0.17587939698492464,0.0,0.0,0.008793969849246231,0.001256281407035176,0.0,0.00628140703517588,0.008793969849246231,0.005025125628140704,0.018844221105527637,0.0,0.0,0.001256281407035176
Position 91,0.0,0.0,0.0,0.157035175879397,0.0,0.0037688442211055275,0.0,0.001256281407035176,0.020100502512562814,0.0,0.0,0.013819095477386936,0.0,0.0,0.18592964824120603,0.6130653266331658,0.001256281407035176,0.0,0.0,0.001256281407035176,0.002512562814070352
Position 92,0.0,0.0,0.0,0.0,0.0,0.0,0.0,0.0,0.0,0.0,0.0,0.0,0.0,0.0,0.0,0.9949748743718593,0.002512562814070352,0.0,0.0,0.0,0.002512562814070352
Position 93,0.0,0.0,0.0,0.0,0.0,0.0,0.0,0.0,0.0,0.0,0.0,0.0,0.0,0.0,0.0,0.0,0.0,0.0,0.9974874371859297,0.0,0.002512562814070352
Position 94,0.0,0.0,0.0,0.0,0.0,0.0,0.0,0.0,0.0,0.0,0.0,0.0,0.005025125628140704,0.0,0.0,0.9912060301507538,0.0,0.0,0.0,0.001256281407035176,0.002512562814070352
Position 95,0.0,0.0,0.0,0.0,0.0,0.0,0.0,0.0,0.0,0.0,0.0,0.0,0.0,0.0,0.0,0.002512562814070352,0.0,0.0,0.0,0.9962311557788944,0.001256281407035176
Position 96,0.0,0.0,0.0,0.0,0.0,0.0,0.0,0.9949748743718593,0.0,0.0,0.0,0.0,0.0,0.0,0.0,0.0,0.0,0.002512562814070352,0.0,0.0,0.002512562814070352
Position 97,0.04648241206030151,0.0,0.0,0.0,0.0,0.002512562814070352,0.0,0.0037688442211055275,0.0,0.0,0.0,0.0,0.0,0.0,0.0,0.0,0.0,0.9459798994974874,0.0,0.0,0.001256281407035176
Position 98,0.0,0.0,0.0,0.9962311557788944,0.0,0.0,0.0,0.0,0.002512562814070352,0.0,0.0,0.0,0.0,0.0,0.0,0.0,0.0,0.0,0.0,0.0,0.001256281407035176
Position 99,0.0037688442211055275,0.0,0.0,0.0,0.0,0.0,0.0,0.002512562814070352,0.08542713567839195,0.0,0.0,0.0,0.0,0.0,0.00628140703517588,0.0,0.8982412060301508,0.001256281407035176,0.0,0.0,0.002512562814070352
Position 100,0.002512562814070352,0.001256281407035176,0.0,0.0,0.0,0.0,0.0,0.0,0.0,0.0,0.0,0.0,0.23869346733668342,0.0,0.0,0.7512562814070352,0.0,0.0,0.0,0.002512562814070352,0.0037688442211055275
Position 101,0.0,0.0,0.002512562814070352,0.0,0.0,0.022613065326633167,0.0,0.0037688442211055275,0.0037688442211055275,0.0,0.0,0.44472361809045224,0.0,0.0,0.0,0.5175879396984925,0.001256281407035176,0.0,0.0,0.0,0.0037688442211055275
Position 102,0.001256281407035176,0.0,0.0,0.0,0.0,0.0,0.0,0.0,0.0,0.001256281407035176,0.0,0.0,0.157035175879397,0.001256281407035176,0.0,0.8266331658291457,0.010050251256281407,0.0,0.0,0.0,0.002512562814070352
Position 103,0.002512562814070352,0.0,0.7512562814070352,0.21733668341708542,0.0,0.0037688442211055275,0.001256281407035176,0.0,0.007537688442211055,0.0,0.0,0.010050251256281407,0.0,0.001256281407035176,0.0,0.0,0.0,0.0,0.0,0.0,0.005025125628140704
Position 104,0.0,0.0,0.0,0.001256281407035176,0.0,0.0,0.0,0.0,0.010050251256281407,0.0,0.0,0.9836683417085427,0.0,0.0,0.0,0.001256281407035176,0.0,0.0,0.0,0.0,0.0037688442211055275
Position 105,0.001256281407035176,0.0,0.0,0.0037688442211055275,0.0,0.9811557788944724,0.0,0.0,0.0,0.0,0.0,0.0,0.0,0.0,0.0037688442211055275,0.0,0.0,0.0,0.007537688442211055,0.0,0.002512562814070352
Position 106,0.022613065326633167,0.0,0.0,0.0,0.0,0.0,0.0,0.017587939698492462,0.001256281407035176,0.0,0.001256281407035176,0.0,0.0,0.0,0.0,0.0,0.9547738693467337,0.0,0.0,0.0,0.002512562814070352
Position 107,0.0,0.9974874371859297,0.0,0.0,0.0,0.0,0.0,0.0,0.0,0.0,0.0,0.0,0.0,0.0,0.0,0.0,0.0,0.0,0.0,0.0,0.002512562814070352
Position 108,0.0,0.002512562814070352,0.0,0.0,0.0,0.0,0.0,0.0,0.0,0.0,0.0,0.0,0.0,0.0,0.0,0.0,0.0,0.0,0.0,0.9949748743718593,0.002512562814070352
Position 109,0.0,0.0,0.0,0.0,0.001256281407035176,0.0,0.0,0.0,0.0,0.0,0.0,0.0,0.9962311557788944,0.0,0.0,0.0,0.0,0.0,0.0,0.0,0.002512562814070352
Position 110,0.0,0.0,0.0,0.0,0.0,0.9949748743718593,0.0,0.0,0.0,0.0,0.0,0.0,0.0,0.0,0.001256281407035176,0.0,0.0,0.0,0.0,0.0,0.0037688442211055275
Position 111,0.001256281407035176,0.001256281407035176,0.8052763819095478,0.007537688442211055,0.001256281407035176,0.0,0.0942211055276382,0.0,0.0,0.0,0.0,0.008793969849246231,0.0,0.001256281407035176,0.0,0.0,0.0,0.001256281407035176,0.0,0.07412060301507538,0.0037688442211055275
Position 112,0.0,0.0,0.0,0.0,0.9899497487437185,0.0,0.0,0.0,0.0,0.005025125628140704,0.0,0.0,0.0,0.0,0.0,0.0,0.0,0.0,0.0,0.0,0.005025125628140704
Position 113,0.1871859296482412,0.0,0.0,0.001256281407035176,0.001256281407035176,0.0,0.0,0.7914572864321608,0.0,0.002512562814070352,0.0,0.001256281407035176,0.001256281407035176,0.0,0.0,0.0,0.007537688442211055,0.001256281407035176,0.0,0.0,0.005025125628140704
Position 114,0.0,0.0,0.6231155778894473,0.0,0.0,0.001256281407035176,0.001256281407035176,0.0,0.0,0.0,0.0,0.36683417085427134,0.0,0.0,0.0,0.001256281407035176,0.0,0.0,0.0,0.001256281407035176,0.005025125628140704
Position 115,0.0,0.0,0.001256281407035176,0.0,0.001256281407035176,0.0,0.0,0.0,0.0,0.0,0.0,0.0,0.0,0.0,0.0,0.0,0.0,0.0,0.0,0.9937185929648241,0.0037688442211055275
Position 116,0.0,0.0,0.0,0.9937185929648241,0.0,0.0,0.0,0.0,0.0,0.0,0.0,0.0,0.0,0.0,0.0,0.0,0.0,0.0,0.0,0.0,0.00628140703517588
Position 117,0.0,0.0,0.0,0.992462311557789,0.0,0.0,0.0,0.0,0.0,0.0,0.0,0.0,0.0,0.0,0.0,0.0,0.0,0.0,0.0,0.0,0.007537688442211055
Position 118,0.0,0.0,0.0,0.0,0.0,0.0,0.0,0.001256281407035176,0.0,0.9912060301507538,0.0,0.0,0.0,0.001256281407035176,0.0,0.0,0.0,0.0,0.0,0.0,0.00628140703517588
Position 119,0.0,0.0,0.0,0.0,0.0,0.001256281407035176,0.0,0.0,0.011306532663316583,0.0,0.0,0.0,0.0,0.0,0.9824120603015075,0.0,0.0,0.0,0.0,0.0,0.005025125628140704
Position 120,0.0,0.0,0.0037688442211055275,0.9861809045226131,0.0,0.0,0.0,0.0,0.0037688442211055275,0.0,0.0,0.0,0.0,0.0,0.0,0.0,0.0,0.0,0.0,0.0,0.00628140703517588
Position 121,0.0,0.0,0.0,0.0,0.0,0.0,0.002512562814070352,0.0,0.0,0.001256281407035176,0.0,0.0,0.0,0.9912060301507538,0.0,0.0,0.0,0.0,0.0,0.0,0.005025125628140704
Position 122,0.0,0.0,0.0,0.0,0.002512562814070352,0.0,0.0,0.0,0.0,0.9899497487437185,0.002512562814070352,0.0,0.0,0.0,0.0,0.0,0.0,0.001256281407035176,0.0,0.0,0.0037688442211055275
Position 123,0.0,0.0,0.0,0.0,0.0,0.0037688442211055275,0.0,0.001256281407035176,0.0,0.0,0.0,0.0037688442211055275,0.0,0.0,0.002512562814070352,0.9811557788944724,0.001256281407035176,0.0,0.0,0.0,0.00628140703517588
Position 124,0.0,0.0,0.0,0.0,0.0,0.0,0.0,0.0,0.0,0.0,0.0,0.0,0.0,0.0,0.0,0.9912060301507538,0.005025125628140704,0.0,0.0,0.0,0.0037688442211055275
Position 125,0.005025125628140704,0.0,0.0,0.001256281407035176,0.0,0.001256281407035176,0.0,0.001256281407035176,0.0,0.002512562814070352,0.002512562814070352,0.0,0.0,0.0,0.0,0.0,0.0,0.9811557788944724,0.0,0.0,0.005025125628140704
Position 126,0.0,0.0,0.0,0.0,0.0,0.0,0.0,0.0,0.0,0.0,0.0,0.0,0.0,0.0,0.0,0.9912060301507538,0.002512562814070352,0.0,0.0,0.0,0.00628140703517588
Position 127,0.0,0.0,0.0,0.0,0.0,0.0,0.0,0.0,0.0,0.001256281407035176,0.0,0.0,0.0,0.0,0.0,0.992462311557789,0.001256281407035176,0.0,0.0,0.0,0.005025125628140704
Position 128,0.0,0.0,0.0,0.0,0.9786432160804021,0.0,0.0,0.001256281407035176,0.001256281407035176,0.011306532663316583,0.0,0.0,0.0,0.0,0.0,0.001256281407035176,0.0,0.0,0.0,0.001256281407035176,0.005025125628140704
Position 129,0.0,0.0,0.001256281407035176,0.9874371859296482,0.0,0.0,0.0,0.0,0.00628140703517588,0.0,0.0,0.0,0.0,0.001256281407035176,0.0,0.0,0.0,0.0,0.0,0.0,0.0037688442211055275
Position 130,0.0,0.0,0.0,0.0,0.0,0.0,0.0,0.0,0.010050251256281407,0.0,0.0,0.0,0.0,0.0,0.9849246231155779,0.0,0.0,0.0,0.0,0.0,0.005025125628140704
Position 131,0.0,0.001256281407035176,0.0,0.0,0.9861809045226131,0.0,0.0,0.0,0.0,0.0,0.0,0.0,0.0,0.0,0.0,0.001256281407035176,0.0,0.002512562814070352,0.0,0.002512562814070352,0.00628140703517588
Position 132,0.0,0.0,0.0,0.9912060301507538,0.0,0.001256281407035176,0.0,0.0,0.002512562814070352,0.0,0.0,0.0,0.0,0.0,0.0,0.0,0.0,0.0,0.0,0.0,0.005025125628140704
Position 133,0.0,0.0,0.0,0.0,0.0,0.0,0.0,0.9849246231155779,0.0,0.001256281407035176,0.010050251256281407,0.0,0.0,0.0,0.0,0.0,0.0,0.001256281407035176,0.0,0.0,0.002512562814070352
Position 134,0.0,0.001256281407035176,0.0,0.0,0.9949748743718593,0.0,0.0,0.0,0.0,0.0,0.0,0.0,0.0,0.0,0.0,0.002512562814070352,0.0,0.0,0.0,0.0,0.001256281407035176
Position 135,0.0,0.0,0.0,0.0,0.0,0.0,0.0,0.0,0.0,0.001256281407035176,0.0,0.0,0.9962311557788944,0.0,0.0,0.001256281407035176,0.001256281407035176,0.0,0.0,0.0,0.0
Position 136,0.0,0.0,0.0,0.0,0.0,0.0,0.0,0.0,0.9886934673366834,0.0,0.0,0.005025125628140704,0.0,0.001256281407035176,0.001256281407035176,0.0,0.0,0.0,0.0,0.0,0.0037688442211055275
Position 137,0.0414572864321608,0.0,0.002512562814070352,0.20979899497487436,0.0,0.007537688442211055,0.0,0.0,0.001256281407035176,0.0,0.0,0.0,0.001256281407035176,0.0,0.0,0.0,0.7349246231155779,0.0,0.0,0.0,0.001256281407035176
Position 138,0.0,0.0,0.0,0.0,0.0,0.0037688442211055275,0.0,0.0037688442211055275,0.0,0.0,0.0,0.018844221105527637,0.0,0.0,0.02135678391959799,0.9459798994974874,0.005025125628140704,0.0,0.0,0.0,0.001256281407035176
Position 139,0.001256281407035176,0.0,0.0,0.0,0.0,0.0,0.0,0.0,0.0,0.0,0.0,0.0,0.001256281407035176,0.0,0.0,0.9962311557788944,0.0,0.0,0.0,0.0,0.001256281407035176
Position 140,0.0,0.0,0.0,0.0,0.0,0.0,0.0,0.0,0.0,0.0,0.0,0.0,0.0,0.0,0.0,0.0,0.0,0.0,0.9974874371859297,0.0,0.002512562814070352
Position 141,0.0,0.0,0.0,0.0,0.0,0.0,0.0,0.0,0.0,0.0,0.0,0.0,0.9962311557788944,0.0,0.0,0.001256281407035176,0.0,0.0,0.0,0.0,0.002512562814070352
Position 142,0.0,0.0,0.01507537688442211,0.001256281407035176,0.0,0.0,0.0,0.001256281407035176,0.03768844221105527,0.0,0.0,0.9309045226130653,0.0,0.0,0.0,0.0037688442211055275,0.0,0.0,0.0,0.002512562814070352,0.007537688442211055
Position 143,0.0,0.0,0.0,0.0,0.0,0.0,0.9899497487437185,0.0,0.0,0.001256281407035176,0.0,0.0,0.0,0.001256281407035176,0.0,0.0,0.0,0.0,0.0,0.0037688442211055275,0.0037688442211055275
Position 144,0.0,0.0,0.7525125628140703,0.018844221105527637,0.0,0.0,0.0,0.0,0.0,0.0,0.0,0.052763819095477386,0.0,0.0,0.0,0.001256281407035176,0.1670854271356784,0.0,0.0,0.0,0.007537688442211055
Position 145,0.002512562814070352,0.0,0.0,0.0,0.002512562814070352,0.0,0.0,0.010050251256281407,0.0,0.00628140703517588,0.0,0.0,0.0364321608040201,0.0,0.0,0.7123115577889447,0.06030150753768844,0.1658291457286432,0.0,0.0,0.0037688442211055275
Position 146,0.001256281407035176,0.0,0.038944723618090454,0.0,0.0,0.0,0.0,0.005025125628140704,0.0,0.005025125628140704,0.0,0.7311557788944724,0.0,0.0,0.0,0.002512562814070352,0.05527638190954774,0.0,0.0,0.0,0.16080402010050251
Position 147,0.0,0.0,0.0,0.0,0.0,0.002512562814070352,0.0,0.005025125628140704,0.7839195979899497,0.0,0.0,0.022613065326633167,0.0,0.0,0.038944723618090454,0.0,0.1444723618090452,0.0,0.0,0.0,0.002512562814070352
Position 148,0.001256281407035176,0.0,0.0,0.0,0.0,0.9962311557788944,0.0,0.0,0.0,0.0,0.0,0.0,0.0,0.0,0.0,0.0,0.0,0.001256281407035176,0.0,0.0,0.001256281407035176
Position 149,0.0037688442211055275,0.0,0.0,0.001256281407035176,0.0,0.001256281407035176,0.0,0.002512562814070352,0.0,0.0,0.0,0.0,0.0,0.0,0.0,0.0,0.0037688442211055275,0.9874371859296482,0.0,0.0,0.0
Position 150,0.001256281407035176,0.0,0.0,0.0,0.0,0.0,0.0,0.0,0.0,0.0,0.0,0.0,0.002512562814070352,0.0,0.001256281407035176,0.14321608040201006,0.8517587939698492,0.0,0.0,0.0,0.0
Position 151,0.9723618090452262,0.0,0.0,0.0,0.0,0.0,0.0,0.0,0.0,0.0,0.0,0.0,0.0,0.0,0.0,0.001256281407035176,0.01507537688442211,0.010050251256281407,0.0,0.0,0.001256281407035176
Position 152,0.8228643216080402,0.0,0.0,0.0,0.0,0.0,0.0,0.0,0.0,0.0,0.0,0.0,0.0,0.0,0.0,0.1771356783919598,0.0,0.0,0.0,0.0,0.0
Position 153,0.0,0.9962311557788944,0.0,0.0,0.0,0.0,0.0,0.0,0.0,0.0,0.001256281407035176,0.0,0.0,0.0,0.0,0.0,0.0,0.0,0.0,0.0,0.002512562814070352
Position 154,0.0,0.0,0.0,0.0,0.0,0.0,0.0,0.0,0.0,0.002512562814070352,0.0,0.0,0.7550251256281407,0.0,0.0,0.2399497487437186,0.0,0.0,0.0,0.0,0.002512562814070352
Position 155,0.0,0.0,0.0,0.0,0.0,0.0,0.9459798994974874,0.0,0.0,0.002512562814070352,0.0,0.002512562814070352,0.0,0.010050251256281407,0.018844221105527637,0.0,0.0,0.0,0.0,0.020100502512562814,0.0
Position 156,0.7952261306532663,0.0,0.007537688442211055,0.005025125628140704,0.0,0.0037688442211055275,0.0,0.0,0.017587939698492462,0.0,0.0,0.15577889447236182,0.0,0.0,0.005025125628140704,0.00628140703517588,0.0,0.002512562814070352,0.0,0.0,0.001256281407035176
Position 157,0.001256281407035176,0.0,0.0,0.001256281407035176,0.0,0.9861809045226131,0.0,0.0,0.002512562814070352,0.0,0.001256281407035176,0.0,0.0,0.0,0.00628140703517588,0.0,0.0,0.0,0.0,0.0,0.001256281407035176
Position 158,0.7625628140703518,0.0,0.0,0.08919597989949749,0.0,0.0,0.0,0.0,0.1306532663316583,0.0,0.0,0.001256281407035176,0.0,0.001256281407035176,0.002512562814070352,0.0037688442211055275,0.007537688442211055,0.001256281407035176,0.0,0.0,0.0
Position 159,0.0,0.001256281407035176,0.0,0.001256281407035176,0.0,0.0,0.0,0.0,0.7474874371859297,0.0,0.0,0.02763819095477387,0.0,0.0,0.013819095477386936,0.20603015075376885,0.0,0.0,0.0,0.0,0.002512562814070352
Position 160,0.0,0.0,0.0,0.0,0.0,0.08417085427135679,0.0,0.0,0.0,0.0,0.0,0.002512562814070352,0.0,0.0,0.0,0.9108040201005025,0.001256281407035176,0.0,0.0,0.0,0.001256281407035176
Position 161,0.0,0.0,0.0,0.0,0.9949748743718593,0.0,0.0,0.0,0.0,0.002512562814070352,0.0,0.0,0.0,0.0,0.0,0.0,0.0,0.0,0.0,0.0,0.002512562814070352
Position 162,0.0,0.0,0.0,0.0,0.001256281407035176,0.0,0.0,0.0,0.0,0.0,0.0,0.0,0.0,0.0,0.0,0.0,0.0,0.0,0.0,0.9962311557788944,0.002512562814070352
Position 163,0.0,0.0,0.0,0.0,0.0,0.0,0.0,0.0,0.8040201005025126,0.0,0.0,0.001256281407035176,0.0,0.001256281407035176,0.1922110552763819,0.0,0.0,0.0,0.0,0.0,0.001256281407035176
Position 164,0.0,0.0,0.0,0.0,0.0,0.0,0.0,0.001256281407035176,0.0,0.0,0.0,0.9962311557788944,0.0,0.0,0.0,0.001256281407035176,0.001256281407035176,0.0,0.0,0.0,0.0
Position 165,0.0,0.0,0.0,0.0,0.0,0.0,0.0,0.0,0.0,0.9987437185929648,0.0,0.0,0.0,0.0,0.0,0.0,0.0,0.0,0.0,0.0,0.001256281407035176
Position 166,0.0,0.0,0.0,0.0,0.0,0.0,0.0,0.7650753768844221,0.0,0.22236180904522612,0.002512562814070352,0.0,0.0,0.0,0.0,0.0,0.0,0.010050251256281407,0.0,0.0,0.0
Position 167,0.0,0.0,0.0,0.0,0.0,0.0,0.0,0.0,0.0,0.0,0.0,0.0,0.0,0.0,0.0,0.0,0.0,0.0,1.0,0.0,0.0
Position 168,0.0,0.0,0.0,0.0,0.0,0.0,0.0,0.00628140703517588,0.0,0.9912060301507538,0.0,0.0,0.0,0.0,0.0,0.0,0.0,0.001256281407035176,0.0,0.0,0.001256281407035176
Position 169,0.002512562814070352,0.0,0.0,0.0,0.0,0.001256281407035176,0.0,0.01256281407035176,0.0,0.0,0.0,0.0,0.0,0.0,0.0,0.0,0.22738693467336685,0.7537688442211056,0.0,0.0,0.002512562814070352
Position 170,0.001256281407035176,0.0,0.0,0.06909547738693467,0.0,0.11934673366834171,0.0,0.0,0.7902010050251256,0.0,0.0,0.001256281407035176,0.0,0.0,0.0037688442211055275,0.0,0.0,0.005025125628140704,0.0,0.0,0.010050251256281407
Position 171,0.010050251256281407,0.0,0.0,0.0037688442211055275,0.0,0.0,0.0,0.0,0.9711055276381909,0.0,0.0,0.001256281407035176,0.0,0.0,0.0,0.0,0.00628140703517588,0.0,0.0,0.0,0.007537688442211055
Position 172,0.0,0.0,0.008793969849246231,0.03391959798994975,0.0,0.7625628140703518,0.0,0.0,0.0037688442211055275,0.0,0.0,0.18216080402010051,0.0,0.0,0.001256281407035176,0.001256281407035176,0.0,0.0,0.0,0.0,0.00628140703517588
Position 173,0.0,0.001256281407035176,0.02386934673366834,0.0,0.0,0.20351758793969849,0.0,0.0,0.01256281407035176,0.0,0.0,0.75,0.0,0.0,0.0,0.005025125628140704,0.0,0.0,0.0,0.0,0.0037688442211055275
Position 174,0.0,0.0,0.0,0.0,0.0,0.0,0.0,0.0,0.0,0.1620603015075377,0.0,0.0,0.001256281407035176,0.0,0.0,0.835427135678392,0.001256281407035176,0.0,0.0,0.0,0.0
Position 175,0.0,0.0,0.0,0.0,0.002512562814070352,0.0,0.0,0.0,0.0,0.0,0.0,0.0,0.0,0.0,0.0,0.002512562814070352,0.0,0.0,0.0,0.9949748743718593,0.0
Position 176,0.0,0.0,0.0,0.0,0.0,0.0,0.0,0.0,0.0,0.0,0.0,0.0,0.9962311557788944,0.001256281407035176,0.0,0.002512562814070352,0.0,0.0,0.0,0.0,0.0
Position 177,0.001256281407035176,0.0,0.0,0.002512562814070352,0.0,0.0,0.0,0.0,0.7876884422110553,0.0,0.010050251256281407,0.18592964824120603,0.0,0.0,0.005025125628140704,0.002512562814070352,0.005025125628140704,0.0,0.0,0.0,0.0
Position 178,0.0,0.0,0.0,0.0,0.0,0.0,0.0,0.02135678391959799,0.0,0.9761306532663316,0.0,0.0,0.001256281407035176,0.0,0.0,0.0,0.0,0.001256281407035176,0.0,0.0,0.0
Position 179,0.0,0.0,0.0,0.0,0.0,0.0,0.0,0.002512562814070352,0.016331658291457288,0.0,0.0,0.2198492462311558,0.0,0.0,0.0037688442211055275,0.7474874371859297,0.0037688442211055275,0.0,0.0,0.0,0.00628140703517588
Position 180,0.0,0.0,0.0,0.0037688442211055275,0.0,0.0,0.0,0.010050251256281407,0.707286432160804,0.0,0.002512562814070352,0.03768844221105527,0.0,0.22236180904522612,0.008793969849246231,0.001256281407035176,0.00628140703517588,0.0,0.0,0.0,0.0
Position 181,0.0,0.0,0.0,0.0,0.0,0.0,0.0,0.0,0.0,0.0,0.0,0.0,0.001256281407035176,0.0,0.0,0.8630653266331658,0.13442211055276382,0.0,0.0,0.0,0.001256281407035176
Position 182,0.0,0.0,0.0,0.0,0.001256281407035176,0.0,0.001256281407035176,0.0,0.0,0.0,0.0,0.0,0.0,0.0,0.0,0.001256281407035176,0.0,0.001256281407035176,0.0,0.9949748743718593,0.0
Position 183,0.12437185929648241,0.0,0.0,0.0037688442211055275,0.001256281407035176,0.0,0.0,0.757537688442211,0.0,0.001256281407035176,0.001256281407035176,0.0,0.0,0.0,0.0,0.001256281407035176,0.00628140703517588,0.10301507537688442,0.0,0.0,0.0
Position 184,0.0,0.0,0.0,0.0,0.0,0.0,0.001256281407035176,0.0,0.0,0.0,0.0,0.9949748743718593,0.0,0.0,0.0,0.0,0.001256281407035176,0.001256281407035176,0.0,0.0,0.001256281407035176
Position 185,0.0,0.0,0.7537688442211056,0.0,0.0,0.0,0.0,0.0,0.026381909547738693,0.0,0.0,0.21733668341708542,0.0,0.0,0.0,0.0,0.0,0.0,0.0,0.0,0.002512562814070352
Position 186,0.0,0.0,0.0,0.001256281407035176,0.0,0.0,0.0,0.0,0.9874371859296482,0.0,0.0,0.0,0.0,0.00628140703517588,0.0037688442211055275,0.0,0.001256281407035176,0.0,0.0,0.0,0.0
Position 187,0.0,0.0,0.0,0.18969849246231155,0.0,0.7902010050251256,0.0,0.0,0.008793969849246231,0.0,0.0,0.0,0.0,0.0,0.011306532663316583,0.0,0.0,0.0,0.0,0.0,0.0
Position 188,0.0,0.0,0.0,0.001256281407035176,0.0,0.0,0.0,0.0,0.9937185929648241,0.0,0.0,0.0,0.0,0.0,0.005025125628140704,0.0,0.0,0.0,0.0,0.0,0.0
Position 189,0.0,0.0,0.001256281407035176,0.9861809045226131,0.0,0.0,0.0,0.0,0.010050251256281407,0.0,0.0,0.0,0.0,0.0,0.0,0.0,0.0,0.0,0.0,0.0,0.002512562814070352
Position 190,0.002512562814070352,0.0,0.0,0.0,0.0,0.0,0.0,0.018844221105527637,0.0,0.0,0.0,0.0,0.0,0.0,0.0,0.0,0.0,0.9773869346733668,0.0,0.0,0.001256281407035176
Position 191,0.0,0.0,0.0,0.0,0.0,0.0,0.0,0.0,0.0,1.0,0.0,0.0,0.0,0.0,0.0,0.0,0.0,0.0,0.0,0.0,0.0
Position 192,0.0,0.0,0.0,0.0,0.0,0.002512562814070352,0.0,0.010050251256281407,0.0,0.002512562814070352,0.0,0.0,0.0,0.0,0.0,0.0,0.0,0.9849246231155779,0.0,0.0,0.0
Position 193,0.0,0.0,0.0,0.0,0.0,0.0,0.0,0.010050251256281407,0.0,0.9849246231155779,0.001256281407035176,0.0,0.0,0.0,0.0,0.0,0.0,0.0037688442211055275,0.0,0.0,0.0
Position 194,0.0,0.0,0.0,0.0,0.0,0.0,0.0,0.0,0.0,0.0,0.0,0.0,0.0,0.0,0.001256281407035176,0.0,0.0,0.0,0.9974874371859297,0.0,0.001256281407035176
Position 195,0.005025125628140704,0.0,0.0,0.0,0.0,0.9937185929648241,0.0,0.0,0.0,0.0,0.0,0.0,0.0,0.0,0.0,0.0,0.0,0.0,0.0,0.0,0.001256281407035176
Position 196,0.0,0.0,0.0,0.0,0.0,0.0,0.0,0.7788944723618091,0.0,0.0,0.0,0.0,0.0,0.0,0.0,0.0,0.0,0.2185929648241206,0.0,0.0,0.002512562814070352
Position 197,0.0,0.0,0.0,0.0,0.0,0.0,0.9949748743718593,0.0,0.0,0.0,0.0,0.0,0.002512562814070352,0.0,0.0,0.0,0.0,0.0,0.0,0.0,0.002512562814070352
Position 198,0.0,0.0,0.0,0.0,0.0,0.0,0.9937185929648241,0.0,0.0,0.001256281407035176,0.0,0.001256281407035176,0.0,0.0,0.001256281407035176,0.0,0.0,0.0,0.0,0.0,0.002512562814070352
Position 199,0.0,0.0,0.0,0.0,0.0,0.0,0.0,0.0,0.0,0.0,0.0,0.0,0.992462311557789,0.005025125628140704,0.0,0.001256281407035176,0.0,0.0,0.0,0.0,0.001256281407035176
Position 200,0.0,0.001256281407035176,0.0,0.0,0.0,0.0,0.0,0.0,0.0,0.0,0.0,0.0037688442211055275,0.28015075376884424,0.0,0.0,0.6984924623115578,0.001256281407035176,0.0,0.0,0.001256281407035176,0.013819095477386936
Position 201,0.0,0.0,0.002512562814070352,0.0,0.0,0.0,0.0,0.001256281407035176,0.001256281407035176,0.0,0.0,0.18592964824120603,0.001256281407035176,0.0,0.0,0.035175879396984924,0.7663316582914573,0.0,0.0,0.0,0.00628140703517588
Position 202,0.0,0.0,0.0037688442211055275,0.0,0.0,0.001256281407035176,0.0,0.20979899497487436,0.001256281407035176,0.0,0.007537688442211055,0.007537688442211055,0.0,0.0,0.002512562814070352,0.35678391959798994,0.39949748743718594,0.0037688442211055275,0.0,0.0,0.00628140703517588
Position 203,0.7336683417085427,0.0,0.0037688442211055275,0.031407035175879394,0.0,0.12185929648241206,0.0,0.001256281407035176,0.02135678391959799,0.0,0.0,0.01507537688442211,0.0,0.0,0.005025125628140704,0.016331658291457288,0.035175879396984924,0.011306532663316583,0.0,0.0,0.0037688442211055275
Position 204,0.00628140703517588,0.0,0.9208542713567839,0.031407035175879394,0.0,0.005025125628140704,0.001256281407035176,0.0,0.0,0.0,0.0,0.016331658291457288,0.0,0.0,0.0,0.0,0.0,0.010050251256281407,0.0,0.0,0.008793969849246231
Position 205,0.0,0.0,0.0,0.0,0.0,0.0,0.005025125628140704,0.0,0.0,0.001256281407035176,0.0,0.0,0.0,0.9874371859296482,0.0,0.0,0.0,0.0,0.0,0.0,0.00628140703517588
Position 206,0.0,0.0,0.0,0.005025125628140704,0.0,0.0,0.0,0.0,0.08668341708542714,0.001256281407035176,0.01256281407035176,0.001256281407035176,0.0,0.7989949748743719,0.08793969849246232,0.001256281407035176,0.0,0.0,0.0,0.0,0.005025125628140704
Position 207,0.09296482412060302,0.0,0.0,0.0,0.0,0.00628140703517588,0.0,0.00628140703517588,0.0,0.0,0.0,0.01507537688442211,0.0,0.0,0.0037688442211055275,0.7525125628140703,0.114321608040201,0.0,0.0,0.0,0.008793969849246231
Position 208,0.0,0.0,0.0,0.0,0.0,0.0,0.0,0.04773869346733668,0.0,0.9447236180904522,0.0,0.0,0.001256281407035176,0.0,0.001256281407035176,0.0,0.0,0.0,0.0,0.0,0.005025125628140704
Position 209,0.0,0.0,0.0,0.0,0.0,0.0,0.0,0.0,0.0,0.0,0.0,0.001256281407035176,0.0,0.0,0.0,0.0,0.0,0.0,0.0,0.9937185929648241,0.005025125628140704
Position 210,0.0,0.0,0.0,0.0,0.0,0.0,0.15452261306532664,0.0,0.001256281407035176,0.0,0.0,0.0037688442211055275,0.0,0.792713567839196,0.0364321608040201,0.0037688442211055275,0.0,0.0,0.0,0.001256281407035176,0.00628140703517588
Position 211,0.0,0.0,0.0,0.0,0.0,0.0,0.0,0.0,0.04648241206030151,0.0,0.0,0.7964824120603015,0.0,0.0,0.0,0.001256281407035176,0.14949748743718594,0.0,0.0,0.0,0.00628140703517588
Position 212,0.757537688442211,0.0,0.00628140703517588,0.20854271356783918,0.0,0.00628140703517588,0.0,0.0,0.001256281407035176,0.0,0.0,0.0037688442211055275,0.001256281407035176,0.0,0.0,0.0,0.005025125628140704,0.00628140703517588,0.0,0.0,0.0037688442211055275
Position 213,0.0,0.0,0.7663316582914573,0.0,0.0,0.0,0.002512562814070352,0.0,0.0,0.0,0.0,0.2236180904522613,0.0,0.0,0.0,0.0,0.0,0.0,0.0,0.001256281407035176,0.00628140703517588
Position 214,0.8743718592964824,0.0,0.0,0.0,0.0,0.001256281407035176,0.0,0.0,0.0,0.0,0.0,0.0,0.0,0.0,0.0,0.002512562814070352,0.11306532663316583,0.0,0.0,0.0,0.008793969849246231
Position 215,0.0,0.0,0.0,0.0,0.001256281407035176,0.0,0.0,0.0,0.0,0.0,0.0,0.0,0.0,0.0,0.0,0.0,0.0,0.0,0.0,0.9937185929648241,0.005025125628140704
Position 216,0.016331658291457288,0.0,0.0,0.0,0.001256281407035176,0.0,0.0,0.0037688442211055275,0.0,0.0,0.0,0.0,0.0,0.0,0.0,0.0,0.0,0.9736180904522613,0.0,0.0,0.005025125628140704
Position 217,0.0,0.0,0.0,0.0,0.7638190954773869,0.0,0.0,0.0,0.0,0.001256281407035176,0.0,0.0,0.0,0.0,0.0,0.228643216080402,0.001256281407035176,0.0,0.0,0.0,0.005025125628140704
Position 218,0.0,0.0,0.0,0.001256281407035176,0.0,0.001256281407035176,0.0,0.0,0.0,0.0,0.0,0.0,0.0,0.0,0.0,0.0,0.0,0.9899497487437185,0.0,0.0,0.007537688442211055
Position 219,0.0037688442211055275,0.0,0.0,0.00628140703517588,0.0,0.7625628140703518,0.0,0.0,0.0,0.001256281407035176,0.002512562814070352,0.0,0.0,0.0,0.0,0.0,0.0,0.2135678391959799,0.0037688442211055275,0.0,0.00628140703517588
Position 220,0.0037688442211055275,0.0,0.0,0.0,0.0,0.0,0.0,0.0,0.0,0.001256281407035176,0.0,0.0,0.001256281407035176,0.0,0.0,0.26256281407035176,0.7223618090452262,0.0,0.0,0.0,0.008793969849246231
Position 221,0.0,0.0,0.0,0.0,0.0,0.0,0.0,0.0,0.0,0.001256281407035176,0.0,0.0,0.001256281407035176,0.0,0.0,0.9886934673366834,0.002512562814070352,0.0,0.0,0.0,0.00628140703517588
Position 222,0.0,0.0,0.0,0.0,0.0,0.0,0.1658291457286432,0.001256281407035176,0.05150753768844221,0.0,0.0,0.05527638190954774,0.0,0.0,0.7173366834170855,0.001256281407035176,0.0,0.0,0.0,0.0,0.007537688442211055
Position 223,0.0,0.0,0.0,0.0,0.001256281407035176,0.0,0.002512562814070352,0.0,0.0,0.0,0.0,0.0,0.0,0.0,0.0,0.001256281407035176,0.0,0.0,0.0,0.9886934673366834,0.00628140703517588
Position 224,0.0,0.001256281407035176,0.0,0.0,0.0,0.001256281407035176,0.0,0.0,0.0,0.0,0.0,0.07412060301507538,0.0,0.0,0.002512562814070352,0.9095477386934674,0.0,0.0,0.0,0.005025125628140704,0.00628140703517588
Position 225,0.0,0.0,0.0,0.0,0.0,0.002512562814070352,0.0,0.0,0.7613065326633166,0.0,0.0,0.0,0.0,0.002512562814070352,0.22738693467336685,0.0,0.0,0.0,0.0,0.0,0.00628140703517588
Position 226,0.0,0.0,0.0,0.002512562814070352,0.0,0.0,0.0,0.0,0.8467336683417085,0.0,0.002512562814070352,0.001256281407035176,0.0,0.0,0.13819095477386933,0.0,0.001256281407035176,0.0,0.0,0.0,0.007537688442211055
Position 227,0.0,0.0,0.0,0.0,0.9874371859296482,0.0,0.0,0.0,0.0,0.002512562814070352,0.0,0.0,0.0,0.0,0.0,0.0037688442211055275,0.0,0.001256281407035176,0.0,0.0,0.005025125628140704
Position 228,0.0,0.0,0.0,0.0037688442211055275,0.0,0.0,0.0,0.0037688442211055275,0.7550251256281407,0.0,0.0,0.00628140703517588,0.0,0.0,0.002512562814070352,0.0,0.22236180904522612,0.0,0.0,0.0,0.00628140703517588
Position 229,0.0,0.0,0.0,0.0,0.0,0.0,0.0,0.0,0.0,0.0,0.0,0.0,0.9912060301507538,0.0,0.001256281407035176,0.001256281407035176,0.001256281407035176,0.0,0.0,0.0,0.005025125628140704
Position 230,0.0,0.0,0.0,0.9937185929648241,0.0,0.0,0.0,0.0,0.0,0.0,0.0,0.0,0.0,0.001256281407035176,0.0,0.0,0.0,0.0,0.0,0.0,0.005025125628140704
Position 231,0.0,0.0,0.0,0.0,0.0,0.0,0.0,0.9912060301507538,0.0,0.0,0.001256281407035176,0.0,0.0,0.0,0.0,0.0,0.0,0.002512562814070352,0.0,0.0,0.005025125628140704
Position 232,0.9484924623115578,0.0,0.0,0.005025125628140704,0.0,0.00628140703517588,0.0,0.0,0.0,0.0,0.0,0.0,0.002512562814070352,0.0,0.0,0.0037688442211055275,0.011306532663316583,0.016331658291457288,0.0,0.0,0.00628140703517588
Position 233,0.022613065326633167,0.0,0.0,0.03768844221105527,0.0,0.0,0.0,0.5527638190954773,0.18467336683417085,0.0,0.001256281407035176,0.0,0.002512562814070352,0.0,0.001256281407035176,0.0,0.17462311557788945,0.01507537688442211,0.0,0.0,0.007537688442211055
Position 234,0.0,0.0,0.0,0.0,0.0,0.0,0.0,0.001256281407035176,0.001256281407035176,0.0,0.0,0.0,0.0,0.0,0.9912060301507538,0.0,0.0,0.0,0.0,0.0,0.00628140703517588
Position 235,0.0,0.0,0.0,0.0,0.0,0.0,0.0,0.0,0.0,0.001256281407035176,0.0,0.0,0.9937185929648241,0.0,0.0,0.0,0.0,0.0,0.0,0.0,0.005025125628140704
Position 236,0.0,0.0,0.0,0.002512562814070352,0.0,0.0,0.0,0.001256281407035176,0.9899497487437185,0.0,0.0,0.0,0.0,0.0,0.001256281407035176,0.0,0.0,0.0,0.0,0.0,0.005025125628140704
Position 237,0.0,0.0,0.0,0.0,0.0,0.0,0.0,0.001256281407035176,0.0,0.001256281407035176,0.0037688442211055275,0.0,0.0,0.0,0.0,0.0,0.0,0.9849246231155779,0.0,0.0,0.008793969849246231
Position 238,0.0,0.0,0.0,0.0,0.0,0.002512562814070352,0.0,0.0,0.013819095477386936,0.0,0.0,0.0,0.0,0.0,0.9723618090452262,0.0,0.0,0.0,0.0,0.0,0.011306532663316583
Position 239,0.0,0.0,0.8605527638190955,0.02135678391959799,0.0,0.08040201005025126,0.0,0.0,0.001256281407035176,0.0,0.0,0.01256281407035176,0.0,0.0,0.0,0.0,0.0,0.0,0.0,0.002512562814070352,0.02135678391959799
Position 240,0.0,0.0,0.0,0.0,0.0,0.0,0.002512562814070352,0.0,0.001256281407035176,0.0,0.0,0.0,0.0,0.9711055276381909,0.016331658291457288,0.0,0.0,0.0,0.0,0.0,0.008793969849246231
Position 241,0.05402010050251256,0.0,0.002512562814070352,0.9095477386934674,0.0,0.0037688442211055275,0.0037688442211055275,0.0,0.0,0.0,0.0,0.0,0.010050251256281407,0.001256281407035176,0.0,0.002512562814070352,0.002512562814070352,0.0,0.0,0.0,0.010050251256281407
Position 242,0.002512562814070352,0.0,0.0,0.0,0.0,0.9811557788944724,0.0,0.0,0.0,0.0,0.0,0.0,0.0,0.0,0.005025125628140704,0.0,0.0,0.0,0.001256281407035176,0.0,0.010050251256281407
Position 243,0.0,0.0,0.0,0.0,0.0,0.0,0.0,0.0,0.0,0.0,0.0,0.0,0.0,0.0,0.9912060301507538,0.0,0.0,0.0,0.0,0.0,0.008793969849246231
Position 244,0.0,0.0,0.0,0.0,0.0,0.0,0.0,0.18090452261306533,0.0,0.0,0.8140703517587939,0.0,0.0,0.0,0.0,0.0,0.001256281407035176,0.0,0.0,0.0,0.0037688442211055275
Position 245,0.0,0.0,0.00628140703517588,0.0,0.0,0.0,0.001256281407035176,0.001256281407035176,0.001256281407035176,0.0,0.0,0.9798994974874372,0.0,0.0,0.0,0.005025125628140704,0.0,0.0,0.0,0.0,0.005025125628140704
Position 246,0.0,0.0,0.0,0.0,0.001256281407035176,0.0,0.0,0.0,0.0,0.0,0.0,0.001256281407035176,0.0,0.0,0.0,0.0,0.0,0.0,0.0,0.9937185929648241,0.0037688442211055275
Position 247,0.0,0.0,0.0,0.0,0.0,0.0,0.005025125628140704,0.0,0.0,0.0,0.0,0.0,0.0,0.0,0.0,0.001256281407035176,0.0,0.0,0.0,0.9899497487437185,0.0037688442211055275
Position 248,0.0,0.0,0.0,0.0,0.0,0.0,0.0,0.0,0.0,0.0,0.0,0.0,0.0,0.0,0.001256281407035176,0.0,0.0,0.0,0.9949748743718593,0.0,0.0037688442211055275
Position 249,0.001256281407035176,0.0,0.0,0.0,0.0,0.0,0.0,0.002512562814070352,0.0,0.0,0.0,0.0,0.0,0.0,0.0,0.0,0.992462311557789,0.0,0.0,0.0,0.0037688442211055275
Position 250,0.0,0.0,0.0,0.0,0.0,0.0,0.0,0.007537688442211055,0.0,0.9874371859296482,0.0,0.0,0.0,0.0,0.0,0.0,0.0,0.001256281407035176,0.0,0.0,0.0037688442211055275
Position 251,0.0,0.0,0.0,0.0,0.0,0.0,0.0,0.06407035175879397,0.0,0.22989949748743718,0.0,0.0,0.0,0.0,0.0,0.0,0.0,0.7010050251256281,0.0,0.0,0.005025125628140704
Position 252,0.0,0.0,0.017587939698492462,0.9547738693467337,0.0,0.001256281407035176,0.0,0.0,0.018844221105527637,0.0,0.0,0.001256281407035176,0.0,0.002512562814070352,0.0,0.0,0.0,0.0,0.0,0.0,0.0037688442211055275
Position 253,0.0,0.0,0.0,0.0,0.0,0.0,0.0,0.0,0.0,0.001256281407035176,0.0,0.0,0.9912060301507538,0.0037688442211055275,0.0,0.0,0.0,0.0,0.0,0.0,0.0037688442211055275
Position 254,0.0,0.0,0.0,0.002512562814070352,0.0,0.9886934673366834,0.0,0.0,0.0,0.0,0.0,0.0,0.0,0.0,0.005025125628140704,0.0,0.0,0.0,0.0,0.0,0.0037688442211055275
Position 255,0.001256281407035176,0.0,0.9912060301507538,0.001256281407035176,0.0,0.001256281407035176,0.0,0.0,0.0,0.0,0.0,0.001256281407035176,0.0,0.0,0.0,0.0,0.0,0.0,0.0,0.0,0.0037688442211055275
Position 256,0.0,0.0,0.0,0.0,0.0,0.0,0.0,0.0,0.7587939698492462,0.0,0.0,0.002512562814070352,0.0,0.0,0.0,0.0,0.23492462311557788,0.0,0.0,0.0,0.0037688442211055275
Position 257,0.0,0.0,0.0,0.0,0.0,0.0,0.0,0.9937185929648241,0.0,0.0,0.0,0.0,0.0,0.0,0.0,0.0,0.001256281407035176,0.001256281407035176,0.0,0.0,0.0037688442211055275
Position 258,0.0,0.0,0.0,0.0,0.0,0.0,0.0,0.21733668341708542,0.001256281407035176,0.001256281407035176,0.005025125628140704,0.0,0.0,0.0,0.0,0.0,0.7713567839195979,0.0,0.0,0.0,0.0037688442211055275
Position 259,0.0,0.001256281407035176,0.0,0.0,0.992462311557789,0.0,0.0,0.001256281407035176,0.0,0.001256281407035176,0.0,0.0,0.0,0.0,0.0,0.0,0.0,0.0,0.0,0.0,0.0037688442211055275
Position 260,0.0,0.0,0.001256281407035176,0.9912060301507538,0.0,0.001256281407035176,0.0,0.0,0.001256281407035176,0.0,0.0,0.0,0.0,0.001256281407035176,0.0,0.0,0.0,0.0,0.0,0.0,0.0037688442211055275
Position 261,0.992462311557789,0.0,0.0,0.001256281407035176,0.0,0.0,0.0,0.0,0.0,0.0,0.0,0.0,0.001256281407035176,0.0,0.0,0.0,0.001256281407035176,0.0,0.0,0.0,0.0037688442211055275
Position 262,0.0,0.0,0.0,0.0,0.0,0.0,0.0,0.001256281407035176,0.001256281407035176,0.0,0.0,0.2022613065326633,0.0037688442211055275,0.0,0.0,0.0037688442211055275,0.7839195979899497,0.0,0.0,0.0,0.0037688442211055275
Position 263,0.0,0.0,0.0,0.001256281407035176,0.0,0.9949748743718593,0.0,0.0,0.0,0.0,0.0,0.0,0.0,0.0,0.0,0.0,0.0,0.0,0.0,0.0,0.0037688442211055275
Position 264,0.0,0.0,0.0,0.0,0.0,0.0,0.0,0.0,0.001256281407035176,0.0,0.0,0.9949748743718593,0.0,0.0,0.0,0.0,0.0,0.0,0.0,0.0,0.0037688442211055275
Position 265,0.0,0.0,0.0,0.0,0.0,0.0,0.0,0.0,0.0,0.9937185929648241,0.0,0.0,0.0,0.0,0.0,0.0,0.0,0.002512562814070352,0.0,0.0,0.0037688442211055275
Position 266,0.001256281407035176,0.0,0.0,0.0,0.0,0.001256281407035176,0.0,0.2236180904522613,0.001256281407035176,0.03768844221105527,0.002512562814070352,0.0,0.0,0.0,0.0,0.0,0.0,0.7286432160804021,0.0,0.0,0.0037688442211055275
Position 267,0.2399497487437186,0.0,0.0,0.0,0.0,0.0,0.0,0.0037688442211055275,0.0,0.0,0.0,0.0,0.0,0.0,0.0,0.0,0.0,0.7525125628140703,0.0,0.0,0.0037688442211055275
Position 268,0.0,0.0,0.0,0.0,0.0,0.0,0.0,0.0,0.0,0.001256281407035176,0.0,0.0,0.9962311557788944,0.0,0.0,0.0,0.0,0.0,0.0,0.0,0.002512562814070352
Position 269,0.0,0.0,0.0,0.0,0.0,0.0,0.0,0.001256281407035176,0.0,0.0,0.008793969849246231,0.0,0.0,0.0,0.8919597989949749,0.0,0.0,0.0,0.09547738693467336,0.0,0.002512562814070352
Position 270,0.0,0.0,0.0,0.0,0.02135678391959799,0.0,0.008793969849246231,0.0,0.0,0.0,0.0,0.0,0.0,0.0,0.0,0.0,0.0,0.0,0.0,0.9660804020100503,0.0037688442211055275
Position 271,0.9962311557788944,0.0,0.0,0.0,0.0,0.0,0.0,0.0,0.0,0.0,0.0,0.0,0.001256281407035176,0.0,0.0,0.0,0.0,0.0,0.0,0.0,0.002512562814070352
Position 272,0.0,0.001256281407035176,0.0,0.0,0.9949748743718593,0.0,0.0,0.0,0.0,0.0,0.0,0.0,0.0,0.0,0.0,0.0,0.0,0.0,0.0,0.001256281407035176,0.002512562814070352
Position 273,0.7701005025125628,0.0,0.0,0.002512562814070352,0.0,0.0,0.0,0.0037688442211055275,0.0,0.0,0.0,0.0,0.002512562814070352,0.0,0.0,0.001256281407035176,0.2135678391959799,0.002512562814070352,0.0,0.0,0.0037688442211055275
Position 274,0.0,0.0,0.0,0.0,0.0,0.0,0.0,0.00628140703517588,0.0,0.23115577889447236,0.757537688442211,0.0,0.001256281407035176,0.0,0.0,0.0,0.0,0.001256281407035176,0.0,0.0,0.002512562814070352
Position 275,0.0,0.0,0.0037688442211055275,0.7474874371859297,0.0,0.001256281407035176,0.0,0.0,0.01256281407035176,0.0,0.0,0.016331658291457288,0.0,0.001256281407035176,0.0,0.2135678391959799,0.0,0.001256281407035176,0.0,0.0,0.002512562814070352
Position 276,0.0,0.0,0.0,0.0,0.0,0.0,0.0,0.001256281407035176,0.01256281407035176,0.0,0.0,0.0,0.0,0.0,0.9786432160804021,0.001256281407035176,0.0,0.0,0.0,0.0,0.00628140703517588
Position 277,0.001256281407035176,0.0,0.06407035175879397,0.0,0.0,0.23366834170854273,0.001256281407035176,0.0,0.005025125628140704,0.0,0.0,0.678391959798995,0.0,0.0,0.0,0.00628140703517588,0.00628140703517588,0.0,0.0,0.0,0.0037688442211055275
Position 278,0.7386934673366834,0.0,0.001256281407035176,0.0,0.20100502512562815,0.0,0.0,0.001256281407035176,0.0,0.011306532663316583,0.0,0.0,0.010050251256281407,0.0,0.0,0.02135678391959799,0.005025125628140704,0.00628140703517588,0.0,0.0,0.0037688442211055275
Position 279,0.002512562814070352,0.0,0.0,0.010050251256281407,0.0,0.9761306532663316,0.0,0.0,0.0,0.0,0.0,0.0,0.0,0.0,0.002512562814070352,0.0037688442211055275,0.0,0.0,0.0,0.0,0.005025125628140704
Position 280,0.0,0.0,0.0,0.0,0.001256281407035176,0.0,0.0,0.0,0.0,0.001256281407035176,0.0,0.0,0.002512562814070352,0.0,0.0,0.9912060301507538,0.0,0.0,0.0,0.001256281407035176,0.002512562814070352
Position 281,0.0,0.0,0.001256281407035176,0.0,0.0,0.9949748743718593,0.0,0.0,0.0,0.0,0.0,0.0,0.0,0.0,0.001256281407035176,0.0,0.0,0.0,0.0,0.0,0.002512562814070352
Position 282,0.0,0.0,0.0,0.0,0.002512562814070352,0.0,0.0,0.9899497487437185,0.0,0.0,0.0,0.001256281407035176,0.0,0.0,0.0,0.001256281407035176,0.0,0.002512562814070352,0.0,0.0,0.002512562814070352
Position 283,0.0,0.0,0.0,0.0,0.005025125628140704,0.0,0.0,0.9748743718592965,0.001256281407035176,0.0,0.0037688442211055275,0.0,0.0,0.0,0.0,0.001256281407035176,0.0,0.008793969849246231,0.0,0.0,0.005025125628140704
Position 284,0.0,0.0,0.0,0.0,0.0,0.0,0.0,0.7613065326633166,0.0,0.0,0.002512562814070352,0.09170854271356783,0.0,0.0,0.001256281407035176,0.001256281407035176,0.13442211055276382,0.0037688442211055275,0.0,0.0,0.0037688442211055275
Position 285,0.0,0.0,0.0,0.0,0.0,0.0,0.0,0.0,0.0,0.001256281407035176,0.0,0.0,0.011306532663316583,0.0,0.0,0.9836683417085427,0.001256281407035176,0.0,0.0,0.0,0.002512562814070352
Position 286,0.0,0.0,0.7587939698492462,0.00628140703517588,0.0,0.001256281407035176,0.0,0.0,0.002512562814070352,0.0,0.0,0.22613065326633167,0.0,0.0,0.0,0.001256281407035176,0.0,0.0,0.0,0.0,0.0037688442211055275
Position 287,0.2399497487437186,0.0,0.0,0.0,0.0,0.0,0.0,0.0,0.0037688442211055275,0.0,0.0,0.0,0.0,0.0,0.0,0.0,0.7537688442211056,0.0,0.0,0.0,0.002512562814070352
Position 288,0.0,0.0,0.0,0.0,0.0,0.0,0.002512562814070352,0.0,0.0,0.0,0.0,0.0,0.8944723618090452,0.002512562814070352,0.001256281407035176,0.09296482412060302,0.0037688442211055275,0.0,0.0,0.0,0.002512562814070352
Position 289,0.011306532663316583,0.0,0.0,0.0,0.001256281407035176,0.001256281407035176,0.0,0.017587939698492462,0.0,0.002512562814070352,0.21608040201005024,0.0,0.0,0.0,0.001256281407035176,0.0,0.0,0.7462311557788944,0.0,0.0,0.002512562814070352
Position 290,0.0,0.0,0.16080402010050251,0.0,0.0,0.02763819095477387,0.7864321608040201,0.0,0.0,0.001256281407035176,0.0,0.0037688442211055275,0.001256281407035176,0.007537688442211055,0.001256281407035176,0.0,0.0,0.0,0.0,0.007537688442211055,0.002512562814070352
Position 291,0.0,0.0,0.7550251256281407,0.15201005025125627,0.0,0.001256281407035176,0.001256281407035176,0.0,0.06532663316582915,0.0,0.0,0.020100502512562814,0.0,0.0,0.0,0.0,0.0,0.0,0.0,0.002512562814070352,0.002512562814070352
Position 292,0.001256281407035176,0.9937185929648241,0.0,0.0,0.0,0.0,0.0,0.0,0.0,0.0,0.0,0.0,0.0,0.0,0.0,0.0,0.0,0.0,0.002512562814070352,0.0,0.002512562814070352
Position 293,0.0,0.0,0.19597989949748743,0.0,0.0,0.0,0.001256281407035176,0.001256281407035176,0.0,0.0,0.0,0.7952261306532663,0.0,0.0,0.0,0.0,0.0037688442211055275,0.0,0.0,0.0,0.002512562814070352
Position 294,0.16834170854271358,0.0,0.0,0.0,0.0,0.0,0.0,0.0,0.0,0.0,0.0,0.0,0.001256281407035176,0.0,0.0,0.0037688442211055275,0.821608040201005,0.001256281407035176,0.0,0.0,0.0037688442211055275
Position 295,0.0,0.0,0.0,0.0,0.0,0.0,0.0,0.005025125628140704,0.228643216080402,0.0,0.0,0.001256281407035176,0.001256281407035176,0.0,0.0,0.0,0.7613065326633166,0.0,0.0,0.0,0.002512562814070352
Position 296,0.0,0.9949748743718593,0.0,0.0,0.001256281407035176,0.0,0.0,0.0,0.0,0.0,0.0,0.0,0.0,0.0,0.0,0.001256281407035176,0.0,0.0,0.0,0.0,0.002512562814070352
Position 297,0.0,0.0,0.0,0.001256281407035176,0.0,0.0,0.0,0.0,0.0,0.0,0.0,0.0,0.0,0.9962311557788944,0.0,0.0,0.0,0.0,0.0,0.0,0.002512562814070352
Position 298,0.0,0.0,0.0,0.0,0.0,0.0,0.0,0.0,0.0,0.0,0.0,0.0,0.002512562814070352,0.0,0.0,0.002512562814070352,0.9912060301507538,0.0,0.0,0.0,0.0037688442211055275
Position 299,0.0037688442211055275,0.0,0.0,0.0,0.0,0.0,0.0,0.0,0.0,0.0,0.0,0.0,0.9886934673366834,0.0,0.0,0.0,0.002512562814070352,0.0,0.0,0.0,0.005025125628140704
Position 300,0.0,0.0,0.0,0.2613065326633166,0.0,0.001256281407035176,0.010050251256281407,0.0,0.4861809045226131,0.011306532663316583,0.002512562814070352,0.010050251256281407,0.0,0.20603015075376885,0.00628140703517588,0.0,0.001256281407035176,0.0,0.0,0.0,0.0037688442211055275
Position 301,0.0,0.0,0.0,0.0,0.0,0.9962311557788944,0.0,0.0,0.0,0.0,0.0,0.0,0.0,0.0,0.0,0.0,0.0,0.001256281407035176,0.0,0.0,0.002512562814070352
Position 302,0.9874371859296482,0.0,0.001256281407035176,0.0,0.0,0.002512562814070352,0.0,0.0,0.0,0.0,0.0,0.0,0.0,0.0,0.0,0.0037688442211055275,0.001256281407035176,0.001256281407035176,0.0,0.0,0.002512562814070352
Position 303,0.0,0.0,0.0,0.0,0.0,0.0,0.0,0.9711055276381909,0.001256281407035176,0.007537688442211055,0.002512562814070352,0.001256281407035176,0.0,0.0,0.0,0.0,0.0,0.013819095477386936,0.0,0.0,0.002512562814070352
Position 304,0.0,0.0,0.001256281407035176,0.0,0.0,0.0,0.0,0.0,0.005025125628140704,0.0,0.0,0.9874371859296482,0.0,0.0,0.0,0.0,0.001256281407035176,0.0,0.0,0.0,0.005025125628140704
Position 305,0.0,0.0,0.0,0.0,0.0,0.001256281407035176,0.0,0.001256281407035176,0.0,0.0,0.0,0.001256281407035176,0.010050251256281407,0.0,0.0,0.2236180904522613,0.7587939698492462,0.0,0.0,0.0,0.0037688442211055275
Position 306,0.0,0.001256281407035176,0.0,0.0,0.0,0.0,0.0,0.002512562814070352,0.0,0.0,0.0,0.010050251256281407,0.001256281407035176,0.0,0.0,0.9811557788944724,0.0,0.0,0.0,0.0,0.0037688442211055275
Position 307,0.0,0.0,0.0,0.0,0.0,0.0,0.0,0.0,0.0,0.992462311557789,0.0,0.0,0.002512562814070352,0.0,0.0,0.0,0.0,0.0,0.0,0.0,0.005025125628140704
Position 308,0.0,0.0,0.0,0.0,0.0,0.0,0.0,0.0,0.0,0.0,0.0,0.0,0.9974874371859297,0.0,0.0,0.0,0.0,0.0,0.0,0.0,0.002512562814070352
Position 309,0.0,0.0,0.0,0.0,0.9937185929648241,0.0,0.0,0.0,0.0,0.0,0.0,0.0,0.0,0.0,0.0,0.0,0.0,0.0,0.0,0.0037688442211055275,0.002512562814070352
Position 310,0.0,0.0,0.0,0.0,0.0,0.0,0.01256281407035176,0.0,0.0,0.0,0.0,0.0,0.0,0.9786432160804021,0.005025125628140704,0.0,0.0,0.0,0.0,0.0,0.0037688442211055275
Position 311,0.0,0.0,0.002512562814070352,0.0,0.0,0.0,0.0,0.001256281407035176,0.0,0.0,0.0,0.9886934673366834,0.0,0.0,0.0,0.002512562814070352,0.0,0.0,0.0,0.001256281407035176,0.0037688442211055275
Position 312,0.002512562814070352,0.0,0.0,0.0,0.0,0.0,0.0,0.6582914572864321,0.0,0.001256281407035176,0.0,0.0,0.0,0.0,0.0,0.0,0.002512562814070352,0.33291457286432163,0.0,0.0,0.002512562814070352
Position 313,0.0,0.0,0.001256281407035176,0.0,0.0,0.0,0.9811557788944724,0.0,0.0,0.0,0.0,0.010050251256281407,0.0,0.0,0.0,0.0,0.0,0.001256281407035176,0.0,0.002512562814070352,0.0037688442211055275
Position 314,0.0,0.0,0.0,0.0,0.0,0.0,0.0,0.0,0.0,0.00628140703517588,0.0,0.0,0.9786432160804021,0.0,0.0,0.011306532663316583,0.0,0.0,0.0,0.0,0.0037688442211055275
Position 315,0.0,0.0,0.0,0.0,0.002512562814070352,0.0,0.0,0.7562814070351759,0.0,0.0,0.0,0.0,0.0,0.0,0.0,0.0,0.0,0.23618090452261306,0.0,0.0,0.005025125628140704
Position 316,0.0,0.0,0.0,0.0,0.0,0.0,0.0,0.001256281407035176,0.001256281407035176,0.0,0.0,0.0,0.002512562814070352,0.0,0.0,0.001256281407035176,0.9912060301507538,0.0,0.0,0.0,0.002512562814070352
Position 317,0.0,0.0,0.0,0.0,0.0,0.0,0.0,0.9962311557788944,0.0,0.0,0.0,0.0,0.0,0.0,0.0,0.0,0.0,0.001256281407035176,0.0,0.0,0.002512562814070352
Position 318,0.0,0.0,0.0,0.0,0.0,0.9962311557788944,0.0,0.0,0.0,0.0,0.0,0.0,0.0,0.0,0.001256281407035176,0.0,0.0,0.0,0.0,0.0,0.002512562814070352
Position 319,0.0,0.0,0.0,0.2449748743718593,0.0,0.0,0.0,0.001256281407035176,0.7374371859296482,0.0,0.0,0.001256281407035176,0.0,0.0,0.0037688442211055275,0.0,0.007537688442211055,0.0,0.0,0.0,0.0037688442211055275
Position 320,0.0,0.9824120603015075,0.0,0.0,0.0,0.0,0.0,0.0,0.0,0.0,0.0,0.0,0.0,0.0,0.0,0.001256281407035176,0.0,0.0,0.0037688442211055275,0.008793969849246231,0.0037688442211055275
Position 321,0.0,0.0,0.0,0.0,0.0,0.0,0.0,0.0,0.0,0.0,0.0,0.0,0.9899497487437185,0.0,0.0,0.00628140703517588,0.0,0.0,0.0,0.0,0.0037688442211055275
Position 322,0.0,0.0,0.0,0.0,0.0,0.0,0.0,0.0,0.992462311557789,0.0,0.0,0.001256281407035176,0.0,0.0,0.002512562814070352,0.0,0.0,0.0,0.0,0.0,0.0037688442211055275
Position 323,0.0,0.0,0.0,0.0,0.001256281407035176,0.001256281407035176,0.001256281407035176,0.0,0.0,0.0,0.0,0.0,0.0,0.0,0.0,0.001256281407035176,0.0,0.001256281407035176,0.0,0.9886934673366834,0.005025125628140704
Position 324,0.0,0.001256281407035176,0.0,0.0,0.0,0.0,0.0,0.001256281407035176,0.0,0.0,0.0,0.0,0.0,0.0,0.0,0.0,0.0,0.9937185929648241,0.0,0.0,0.0037688442211055275
Position 325,0.0,0.0,0.0,0.005025125628140704,0.0,0.0,0.0,0.0,0.7701005025125628,0.0,0.0,0.001256281407035176,0.0,0.0,0.2185929648241206,0.0,0.0,0.0,0.0,0.0,0.005025125628140704
Position 326,0.0,0.0,0.0,0.0,0.0,0.002512562814070352,0.0,0.0,0.0,0.0,0.0,0.001256281407035176,0.0,0.0,0.002512562814070352,0.9886934673366834,0.0,0.0,0.0,0.0,0.005025125628140704
Position 327,0.1507537688442211,0.0,0.0,0.0,0.0,0.0,0.0,0.001256281407035176,0.002512562814070352,0.0,0.0,0.0,0.002512562814070352,0.0,0.0,0.002512562814070352,0.8341708542713567,0.0,0.0,0.0,0.00628140703517588
Position 328,0.0,0.0,0.0,0.0,0.0,0.0,0.0,0.0,0.9836683417085427,0.0,0.0,0.0,0.0,0.0037688442211055275,0.00628140703517588,0.0,0.0,0.0,0.0,0.0,0.00628140703517588
Position 329,0.0,0.0,0.0,0.0,0.0,0.0,0.0,0.0,0.0,0.9912060301507538,0.001256281407035176,0.0,0.0,0.0,0.0,0.0,0.0,0.0,0.001256281407035176,0.0,0.00628140703517588
Position 330,0.0,0.0,0.0,0.0,0.0,0.001256281407035176,0.0,0.0,0.001256281407035176,0.0,0.0,0.0,0.0,0.0,0.9899497487437185,0.0,0.0,0.0,0.0,0.0,0.007537688442211055
Position 331,0.0,0.0,0.0,0.0,0.0,0.0,0.0,0.0,0.0,0.7474874371859297,0.24120603015075376,0.0,0.0,0.0,0.002512562814070352,0.0,0.0,0.001256281407035176,0.0,0.0,0.007537688442211055
Position 332,0.7638190954773869,0.0,0.0,0.0,0.0,0.001256281407035176,0.0,0.0,0.0,0.0,0.0,0.0,0.0,0.0,0.0,0.0,0.001256281407035176,0.22613065326633167,0.0,0.0,0.007537688442211055
Position 333,0.001256281407035176,0.0,0.0,0.0,0.0,0.0,0.0,0.0,0.001256281407035176,0.0,0.0,0.0,0.001256281407035176,0.0,0.0,0.001256281407035176,0.9886934673366834,0.0,0.0,0.0,0.00628140703517588
Position 334,0.0,0.0,0.0,0.0,0.0,0.9937185929648241,0.0,0.0,0.0,0.0,0.0,0.0,0.0,0.0,0.0,0.0,0.0,0.0,0.0,0.0,0.00628140703517588
Position 335,0.0,0.0,0.0,0.0,0.0,0.0,0.0,0.0,0.0,0.992462311557789,0.001256281407035176,0.0,0.0,0.0,0.0,0.0,0.0,0.0,0.0,0.0,0.00628140703517588
Position 336,0.0,0.0,0.0,0.0,0.0,0.0,0.0,0.0,0.0,0.0,0.0,0.001256281407035176,0.0,0.0,0.9886934673366834,0.0,0.001256281407035176,0.0,0.0,0.0,0.008793969849246231
Position 337,0.0,0.0,0.001256281407035176,0.0,0.0,0.0,0.0,0.0,0.0,0.0,0.0,0.9899497487437185,0.0,0.0,0.0,0.0,0.0,0.0,0.0,0.0,0.008793969849246231
Position 338,0.0,0.0,0.0,0.0,0.0,0.0,0.0,0.2751256281407035,0.0,0.0,0.0,0.0,0.0,0.0,0.0,0.0,0.002512562814070352,0.714824120603015,0.0,0.0,0.007537688442211055
Position 339,0.0,0.0,0.0,0.0,0.0,0.0,0.0,0.0,0.0,0.001256281407035176,0.0,0.0,0.9899497487437185,0.0,0.001256281407035176,0.0,0.0,0.0,0.0,0.0,0.007537688442211055
Position 340,0.0,0.001256281407035176,0.0,0.0,0.0037688442211055275,0.0,0.0,0.0,0.0,0.0,0.0,0.0,0.0,0.0,0.0,0.9861809045226131,0.0,0.0,0.0,0.0,0.008793969849246231
Position 341,0.0,0.0,0.0,0.0,0.001256281407035176,0.0,0.0,0.9786432160804021,0.0,0.0,0.0,0.0,0.0,0.0,0.0,0.001256281407035176,0.001256281407035176,0.008793969849246231,0.0,0.0,0.008793969849246231
Position 342,0.0,0.0,0.0,0.0,0.0,0.0,0.002512562814070352,0.0,0.0037688442211055275,0.0,0.0,0.0,0.002512562814070352,0.9824120603015075,0.0,0.0,0.0,0.0,0.0,0.0,0.008793969849246231
Position 343,0.0,0.0,0.0,0.0,0.002512562814070352,0.0,0.0,0.0,0.0,0.0,0.0,0.0,0.0,0.0,0.0,0.9824120603015075,0.0,0.0,0.0,0.005025125628140704,0.010050251256281407
Position 344,0.0,0.0,0.0,0.0,0.0,0.0,0.0,0.002512562814070352,0.0037688442211055275,0.0,0.0,0.0,0.0,0.0,0.9861809045226131,0.0,0.0,0.0,0.0,0.0,0.007537688442211055
Position 345,0.0,0.0,0.0,0.0,0.0,0.9899497487437185,0.0,0.0,0.0,0.0,0.0,0.0,0.0,0.0,0.0,0.001256281407035176,0.0,0.0,0.0,0.0,0.008793969849246231
Position 346,0.0,0.0,0.0,0.0,0.0,0.0,0.0,0.001256281407035176,0.001256281407035176,0.9886934673366834,0.0,0.0,0.0,0.0,0.0,0.0,0.0,0.001256281407035176,0.0,0.0,0.007537688442211055
Position 347,0.0,0.0,0.0,0.0,0.9886934673366834,0.0,0.0,0.0,0.0,0.005025125628140704,0.0,0.0,0.0,0.0,0.0,0.0,0.0,0.0,0.0,0.0,0.00628140703517588
Position 348,0.0,0.0,0.0,0.0,0.0,0.992462311557789,0.0,0.0,0.0,0.0,0.0,0.0,0.0,0.0,0.0,0.0,0.0,0.0,0.0,0.0,0.007537688442211055
Position 349,0.992462311557789,0.0,0.0,0.0,0.0,0.001256281407035176,0.0,0.0,0.0,0.0,0.0,0.0,0.0,0.0,0.0,0.0,0.0,0.0,0.0,0.0,0.00628140703517588
Position 350,0.0,0.0,0.0,0.0,0.001256281407035176,0.0,0.0,0.9899497487437185,0.0,0.0,0.0,0.0,0.0,0.0,0.0,0.0,0.0,0.001256281407035176,0.0,0.0,0.007537688442211055
Position 351,0.9886934673366834,0.0,0.0,0.0,0.0,0.001256281407035176,0.0,0.0,0.0,0.0,0.0,0.0,0.001256281407035176,0.0,0.0,0.0,0.0037688442211055275,0.0,0.0,0.0,0.005025125628140704
Position 352,0.0,0.0,0.0,0.0,0.0,0.9949748743718593,0.0,0.0,0.0,0.0,0.0,0.0,0.0,0.0,0.0,0.0,0.0,0.0,0.0,0.0,0.005025125628140704
Position 353,0.0,0.0,0.0,0.0,0.9949748743718593,0.0,0.0,0.0,0.0,0.0,0.0,0.0,0.0,0.0,0.0,0.0,0.0,0.0,0.0,0.0,0.005025125628140704
Position 354,0.0,0.0,0.0,0.0,0.001256281407035176,0.0,0.0,0.9912060301507538,0.0,0.001256281407035176,0.0,0.0,0.0,0.0,0.0,0.0,0.0,0.001256281407035176,0.0,0.0,0.005025125628140704
Position 355,0.0,0.0,0.0,0.9937185929648241,0.0,0.0,0.0,0.0,0.0,0.0,0.0,0.0,0.0,0.0,0.0,0.0,0.0,0.0,0.0,0.0,0.00628140703517588
Position 356,0.0,0.0,0.0,0.001256281407035176,0.0,0.9899497487437185,0.0,0.0,0.0,0.0,0.0,0.0,0.0,0.0,0.001256281407035176,0.0,0.0,0.0,0.0,0.0,0.007537688442211055
Position 357,0.0,0.0,0.0,0.0,0.0,0.9962311557788944,0.0,0.0,0.0,0.0,0.0,0.0,0.0,0.0,0.0,0.0,0.0,0.0,0.0,0.0,0.0037688442211055275
Position 358,0.0,0.0,0.0,0.0,0.0,0.001256281407035176,0.0,0.0,0.0,0.0,0.0,0.0,0.0,0.0,0.0,0.0,0.0,0.0,0.9974874371859297,0.0,0.001256281407035176
Position 359,0.0,0.0,0.001256281407035176,0.0,0.0,0.0,0.0,0.0,0.0,0.0,0.0,0.0,0.0,0.0,0.0,0.002512562814070352,0.992462311557789,0.0,0.0,0.0,0.0037688442211055275
Position 360,0.0,0.0,0.0,0.001256281407035176,0.0,0.9962311557788944,0.0,0.0,0.0,0.0,0.0,0.0,0.0,0.0,0.0,0.0,0.0,0.0,0.0,0.0,0.002512562814070352
Position 361,0.0,0.0,0.0,0.0,0.0,0.0,0.0,0.0,0.0,0.001256281407035176,0.9962311557788944,0.0,0.0,0.0,0.0,0.0,0.0,0.001256281407035176,0.0,0.0,0.001256281407035176
Position 362,0.0,0.0,0.0,0.0,0.0,0.001256281407035176,0.0,0.09170854271356783,0.0,0.001256281407035176,0.008793969849246231,0.0,0.0,0.0,0.0,0.0,0.0,0.8957286432160804,0.0,0.0,0.001256281407035176
Position 363,0.0,0.0,0.9949748743718593,0.001256281407035176,0.0,0.0,0.0,0.0,0.0,0.0,0.0,0.0,0.0,0.0,0.0,0.0,0.0,0.0,0.0,0.001256281407035176,0.002512562814070352
Position 364,0.0,0.0,0.0,0.0,0.0,0.9987437185929648,0.0,0.0,0.0,0.0,0.0,0.0,0.0,0.0,0.0,0.0,0.0,0.0,0.0,0.0,0.001256281407035176
Position 365,0.0,0.0,0.0,0.0,0.0,0.0,0.0,0.0,0.0,0.0,0.0,0.0,0.0,0.0,0.0,0.0,0.0,0.0,0.9987437185929648,0.0,0.001256281407035176
Position 366,0.0,0.001256281407035176,0.001256281407035176,0.0,0.007537688442211055,0.0,0.0,0.0,0.0,0.0,0.0,0.0,0.0,0.0,0.0,0.0,0.0,0.0,0.0,0.9886934673366834,0.001256281407035176
Position 367,0.0,0.0,0.0,0.0,0.0,0.9974874371859297,0.0,0.0,0.0,0.0,0.0,0.0,0.0,0.0,0.0,0.001256281407035176,0.0,0.0,0.0,0.0,0.001256281407035176
Position 368,0.0,0.0,0.0,0.0,0.002512562814070352,0.0,0.001256281407035176,0.0,0.0,0.0,0.0,0.0,0.0,0.0,0.0,0.0,0.0,0.0,0.0,0.9949748743718593,0.001256281407035176
Position 369,0.0,0.0,0.0,0.0,0.0,0.0,0.992462311557789,0.0,0.0,0.002512562814070352,0.0,0.0,0.001256281407035176,0.001256281407035176,0.001256281407035176,0.0,0.0,0.0,0.0,0.0,0.001256281407035176
Position 370,0.0,0.0,0.0,0.0,0.0,0.0,0.9962311557788944,0.0,0.0,0.001256281407035176,0.0,0.0,0.0,0.0,0.001256281407035176,0.0,0.0,0.0,0.0,0.0,0.001256281407035176
Position 371,0.0,0.0,0.0,0.001256281407035176,0.0,0.0,0.0,0.0,0.0,0.0,0.0,0.0,0.0,0.9962311557788944,0.001256281407035176,0.0,0.0,0.0,0.0,0.0,0.001256281407035176
Position 372,0.0,0.0,0.0,0.0,0.0,0.0,0.002512562814070352,0.0,0.0,0.0,0.0,0.9962311557788944,0.0,0.0,0.0,0.0,0.0,0.0,0.0,0.0,0.001256281407035176
Position 373,0.002512562814070352,0.0,0.002512562814070352,0.9811557788944724,0.0,0.007537688442211055,0.0,0.0,0.002512562814070352,0.0,0.0,0.0,0.0,0.0,0.0,0.0,0.0,0.0,0.0,0.0,0.0037688442211055275
Position 374,0.0,0.0,0.0,0.0,0.0,0.0,0.0,0.0,0.0,0.0,0.0,0.0,0.0,0.9974874371859297,0.001256281407035176,0.0,0.0,0.0,0.0,0.0,0.001256281407035176
Position 375,0.0,0.0,0.0,0.0,0.0,0.9987437185929648,0.0,0.0,0.0,0.0,0.0,0.0,0.0,0.0,0.0,0.0,0.0,0.0,0.0,0.0,0.001256281407035176
Position 376,0.0,0.0,0.0,0.0,0.0,0.0,0.0,0.0,0.0,0.0,0.0,0.0,0.0,0.0,0.0,0.9974874371859297,0.001256281407035176,0.0,0.0,0.0,0.001256281407035176
Position 377,0.001256281407035176,0.0,0.0,0.0,0.0,0.9974874371859297,0.0,0.0,0.0,0.0,0.0,0.0,0.0,0.0,0.0,0.0,0.0,0.0,0.0,0.0,0.001256281407035176
Position 378,0.0,0.0,0.001256281407035176,0.0,0.0,0.0,0.0,0.0,0.0,0.0,0.0,0.0,0.0,0.0,0.0,0.0,0.0,0.0,0.0,0.9949748743718593,0.0037688442211055275
Position 379,0.9974874371859297,0.0,0.0,0.0,0.0,0.0,0.0,0.0,0.0,0.0,0.0,0.0,0.001256281407035176,0.0,0.0,0.0,0.0,0.0,0.0,0.0,0.001256281407035176
Position 380,0.9974874371859297,0.0,0.0,0.0,0.0,0.0,0.0,0.0,0.0,0.0,0.0,0.0,0.001256281407035176,0.0,0.0,0.0,0.0,0.0,0.0,0.0,0.001256281407035176
Position 381,0.0,0.0,0.9974874371859297,0.0,0.0,0.0,0.0,0.0,0.0,0.0,0.0,0.0,0.0,0.0,0.0,0.0,0.0,0.0,0.0,0.001256281407035176,0.001256281407035176
Position 382,0.0,0.0,0.0,0.0,0.0,0.0,0.0,0.0,0.002512562814070352,0.7562814070351759,0.0,0.0,0.0,0.23869346733668342,0.001256281407035176,0.0,0.0,0.0,0.0,0.0,0.001256281407035176
Position 383,0.0,0.0,0.0,0.002512562814070352,0.0,0.0,0.0,0.0,0.9899497487437185,0.0,0.0,0.0,0.0,0.001256281407035176,0.0037688442211055275,0.0,0.0,0.0,0.0,0.0,0.002512562814070352
Position 384,0.0,0.0,0.0,0.0,0.0,0.0,0.0,0.0,0.0,0.0,0.0,0.0,0.0,0.0,0.0,0.9987437185929648,0.0,0.0,0.0,0.0,0.001256281407035176
Position 385,0.0,0.0,0.0,0.0,0.0,0.0,0.0,0.001256281407035176,0.0,0.0,0.0,0.0,0.001256281407035176,0.0,0.0,0.0,0.9962311557788944,0.0,0.0,0.0,0.001256281407035176
Position 386,0.0,0.0,0.0,0.0,0.0,0.0,0.0,0.0,0.0,0.0,0.0,0.0,0.0,0.9987437185929648,0.0,0.0,0.0,0.0,0.0,0.0,0.001256281407035176
Position 387,0.0,0.0,0.0,0.0,0.0,0.0,0.00628140703517588,0.005025125628140704,0.001256281407035176,0.0,0.0,0.9761306532663316,0.0,0.0,0.0,0.008793969849246231,0.001256281407035176,0.0,0.0,0.0,0.001256281407035176
Position 388,0.9912060301507538,0.0,0.0,0.0,0.0,0.001256281407035176,0.0,0.0,0.0,0.0,0.0,0.0,0.0037688442211055275,0.0,0.0,0.0,0.0,0.002512562814070352,0.0,0.0,0.001256281407035176
Position 389,0.0,0.0,0.0,0.0,0.008793969849246231,0.0,0.0,0.9761306532663316,0.0,0.002512562814070352,0.0,0.0,0.0,0.0,0.0,0.0,0.0,0.010050251256281407,0.0,0.0,0.002512562814070352
Position 390,0.0,0.0,0.7864321608040201,0.0,0.0,0.001256281407035176,0.0,0.0,0.0,0.0,0.0,0.21105527638190955,0.0,0.0,0.0,0.0,0.0,0.0,0.0,0.0,0.001256281407035176
Position 391,0.0,0.0,0.0,0.21482412060301506,0.0,0.24748743718592964,0.0,0.0,0.5263819095477387,0.0,0.0,0.0,0.0,0.0,0.005025125628140704,0.0,0.0,0.001256281407035176,0.0,0.0,0.005025125628140704
Position 392,0.0,0.0,0.0,0.0,0.0,0.0,0.0,0.9987437185929648,0.0,0.0,0.0,0.0,0.0,0.0,0.0,0.001256281407035176,0.0,0.0,0.0,0.0,0.0
Position 393,0.0,0.0,0.0,0.0,0.0,0.0,0.0,0.001256281407035176,0.0,0.0,0.0,0.0,0.0,0.001256281407035176,0.0,0.0037688442211055275,0.9937185929648241,0.0,0.0,0.0,0.0
Position 394,0.0,0.0,0.0,0.0,0.0,0.0,0.0,0.0,0.001256281407035176,0.0,0.0,0.9974874371859297,0.0,0.0,0.0,0.0,0.001256281407035176,0.0,0.0,0.0,0.0
Position 395,0.0,0.0,0.0,0.0,0.0,0.0,0.0,0.0,0.9949748743718593,0.0,0.0,0.002512562814070352,0.0,0.0,0.001256281407035176,0.0,0.0,0.0,0.0,0.0,0.001256281407035176
Position 396,0.0,0.0,0.0,0.0,0.0,0.0,0.0,0.0037688442211055275,0.0,0.001256281407035176,0.001256281407035176,0.0,0.0,0.0,0.0,0.0,0.0,0.9912060301507538,0.0,0.0,0.002512562814070352
Position 397,0.0,0.0,0.0,0.0,0.0,0.0,0.0,0.002512562814070352,0.001256281407035176,0.0,0.0,0.9937185929648241,0.0,0.0,0.0,0.0,0.0,0.0,0.0,0.001256281407035176,0.001256281407035176
Position 398,0.0,0.001256281407035176,0.0,0.0,0.0,0.0,0.0,0.0,0.0,0.0,0.0,0.0,0.001256281407035176,0.0,0.0,0.9886934673366834,0.007537688442211055,0.0,0.0,0.001256281407035176,0.0
Position 399,0.0,0.0,0.002512562814070352,0.0,0.0,0.0,0.0,0.018844221105527637,0.0,0.0,0.0,0.0,0.0,0.0,0.0,0.0,0.0,0.9773869346733668,0.0,0.001256281407035176,0.0
Position 400,0.0,0.0,0.0,0.0,0.0,0.002512562814070352,0.0,0.9912060301507538,0.0,0.001256281407035176,0.0,0.0,0.0,0.0,0.0,0.001256281407035176,0.0,0.001256281407035176,0.0,0.0,0.002512562814070352
Position 401,0.0,0.0,0.0,0.9912060301507538,0.0,0.0,0.002512562814070352,0.0,0.0037688442211055275,0.0,0.0,0.0,0.0,0.001256281407035176,0.0,0.0,0.0,0.0,0.0,0.0,0.001256281407035176
Position 402,0.0,0.0,0.0,0.0,0.0,0.0,0.0,0.0,0.9949748743718593,0.0,0.0,0.0,0.0,0.0,0.0037688442211055275,0.0,0.0,0.0,0.0,0.0,0.001256281407035176
Position 403,0.0,0.0,0.0,0.0,0.0,0.0,0.0,0.0,0.0,0.0,0.9987437185929648,0.0,0.0,0.0,0.001256281407035176,0.0,0.0,0.0,0.0,0.0,0.0
Position 404,0.0,0.0,0.0,0.0,0.0,0.0,0.0,0.0,0.0,0.0,0.0,0.9987437185929648,0.0,0.0,0.0,0.0,0.001256281407035176,0.0,0.0,0.0,0.0
Position 405,0.0,0.0,0.0,0.0,0.0,0.0,0.0,0.01507537688442211,0.0,0.0,0.0,0.0,0.001256281407035176,0.0,0.0,0.0,0.9811557788944724,0.001256281407035176,0.0,0.0,0.001256281407035176
Position 406,0.0,0.0,0.0,0.0,0.0,0.0,0.0,0.0,0.0,0.0,0.0,0.0,0.0,0.9987437185929648,0.0,0.0,0.0,0.0,0.0,0.0,0.001256281407035176
Position 407,0.0,0.0,0.0,0.0,0.9987437185929648,0.0,0.0,0.0,0.0,0.001256281407035176,0.0,0.0,0.0,0.0,0.0,0.0,0.0,0.0,0.0,0.0,0.0
Position 408,0.0,0.0,0.0,0.0,0.0,0.0,0.0,0.0,0.0,0.0,0.0,0.0,0.001256281407035176,0.0,0.0,0.0,0.9987437185929648,0.0,0.0,0.0,0.0
Position 409,0.9861809045226131,0.0,0.0,0.0,0.0,0.002512562814070352,0.0,0.0,0.0,0.0,0.0,0.0,0.001256281407035176,0.001256281407035176,0.0,0.00628140703517588,0.0,0.001256281407035176,0.0,0.0,0.001256281407035176
Position 410,0.002512562814070352,0.0,0.0,0.0,0.0,0.0,0.0,0.0,0.0,0.002512562814070352,0.0,0.0,0.0,0.002512562814070352,0.0,0.0,0.0,0.992462311557789,0.0,0.0,0.0
Position 411,0.0,0.002512562814070352,0.002512562814070352,0.0,0.0,0.9886934673366834,0.0,0.0,0.0,0.0,0.0,0.0,0.0,0.0,0.0,0.0037688442211055275,0.0,0.0,0.0,0.0,0.002512562814070352
Position 412,0.0,0.0,0.0,0.001256281407035176,0.0,0.0,0.0,0.0,0.9987437185929648,0.0,0.0,0.0,0.0,0.0,0.0,0.0,0.0,0.0,0.0,0.0,0.0
Position 413,0.0,0.0,0.0,0.9962311557788944,0.0,0.001256281407035176,0.0,0.0,0.001256281407035176,0.0,0.0,0.0,0.0,0.0,0.0,0.0,0.0,0.0,0.0,0.0,0.001256281407035176
Position 414,0.0,0.0,0.0,0.0,0.9949748743718593,0.0,0.0,0.0,0.0,0.002512562814070352,0.0,0.0,0.0,0.0,0.0,0.002512562814070352,0.0,0.0,0.0,0.0,0.0
Position 415,0.0,0.0,0.001256281407035176,0.0,0.0,0.0,0.0,0.0,0.0,0.0,0.0,0.9899497487437185,0.0,0.0,0.0,0.008793969849246231,0.0,0.0,0.0,0.0,0.0
Position 416,0.0,0.0,0.0,0.001256281407035176,0.0,0.0,0.7638190954773869,0.0,0.19472361809045227,0.0,0.0,0.02763819095477387,0.001256281407035176,0.00628140703517588,0.002512562814070352,0.001256281407035176,0.0,0.0,0.0,0.0,0.001256281407035176
Position 417,0.0,0.0,0.0,0.0,0.0,0.0,0.0,0.0,0.0,0.9974874371859297,0.0,0.0,0.0,0.0,0.0,0.0,0.0,0.0,0.0,0.0,0.002512562814070352
Position 418,0.0,0.0,0.0,0.9912060301507538,0.0,0.002512562814070352,0.0,0.0,0.001256281407035176,0.0,0.0,0.0,0.0,0.0,0.0,0.0,0.0,0.0,0.0,0.0,0.005025125628140704
Position 419,0.0,0.0,0.0,0.0,0.0,0.0,0.0,0.0,0.8278894472361809,0.0,0.0,0.0,0.0,0.0,0.16959798994974876,0.001256281407035176,0.001256281407035176,0.0,0.0,0.0,0.0
Position 420,0.0,0.0,0.0,0.0,0.0,0.001256281407035176,0.0,0.0,0.002512562814070352,0.001256281407035176,0.0,0.0,0.0,0.0,0.992462311557789,0.0,0.0,0.0,0.0,0.0,0.002512562814070352
Position 421,0.0,0.0,0.0,0.0,0.0,0.0,0.0,0.7562814070351759,0.0,0.002512562814070352,0.23743718592964824,0.0,0.0,0.0,0.0,0.0,0.0,0.001256281407035176,0.0,0.0,0.002512562814070352
Position 422,0.0,0.0,0.001256281407035176,0.9974874371859297,0.0,0.001256281407035176,0.0,0.0,0.0,0.0,0.0,0.0,0.0,0.0,0.0,0.0,0.0,0.0,0.0,0.0,0.0
Position 423,0.0,0.0,0.0,0.0,0.0,0.0,0.0,0.001256281407035176,0.0,0.0,0.0,0.992462311557789,0.0,0.0,0.0,0.002512562814070352,0.0,0.0,0.0,0.001256281407035176,0.002512562814070352
Position 424,0.0,0.0,0.0,0.0,0.0,0.0,0.0,0.0,0.0,1.0,0.0,0.0,0.0,0.0,0.0,0.0,0.0,0.0,0.0,0.0,0.0
Position 425,0.0,0.0,0.001256281407035176,0.0,0.0,0.0,0.001256281407035176,0.0,0.0,0.0,0.0,0.9949748743718593,0.0,0.0,0.0,0.0,0.0,0.0,0.0,0.0,0.002512562814070352
Position 426,0.0,0.0,0.0,0.0,0.0,0.0,0.0,0.0,0.9886934673366834,0.0,0.0,0.002512562814070352,0.0,0.0,0.002512562814070352,0.0,0.0,0.0,0.0,0.0,0.00628140703517588
Position 427,0.0,0.0,0.0,0.0,0.0,0.0,0.0,0.0,0.9987437185929648,0.0,0.0,0.0,0.0,0.0,0.001256281407035176,0.0,0.0,0.0,0.0,0.0,0.0
Position 428,0.001256281407035176,0.0,0.0,0.0,0.0,0.0,0.0,0.008793969849246231,0.0,0.005025125628140704,0.0,0.0,0.0,0.0,0.0,0.0,0.0,0.9849246231155779,0.0,0.0,0.0
Position 429,0.0,0.0,1.0,0.0,0.0,0.0,0.0,0.0,0.0,0.0,0.0,0.0,0.0,0.0,0.0,0.0,0.0,0.0,0.0,0.0,0.0
Position 430,0.0,0.0,0.9987437185929648,0.001256281407035176,0.0,0.0,0.0,0.0,0.0,0.0,0.0,0.0,0.0,0.0,0.0,0.0,0.0,0.0,0.0,0.0,0.0
Position 431,0.0,0.0,0.0,0.0,0.0,1.0,0.0,0.0,0.0,0.0,0.0,0.0,0.0,0.0,0.0,0.0,0.0,0.0,0.0,0.0,0.0
Position 432,0.0,0.0,0.0,0.0,1.0,0.0,0.0,0.0,0.0,0.0,0.0,0.0,0.0,0.0,0.0,0.0,0.0,0.0,0.0,0.0,0.0
Position 433,0.0,0.0,0.0,0.0,0.0,0.0,0.0,0.09296482412060302,0.0,0.9057788944723618,0.001256281407035176,0.0,0.0,0.0,0.0,0.0,0.0,0.0,0.0,0.0,0.0
Position 434,0.0,0.0,1.0,0.0,0.0,0.0,0.0,0.0,0.0,0.0,0.0,0.0,0.0,0.0,0.0,0.0,0.0,0.0,0.0,0.0,0.0
Position 435,0.0,0.0,0.0,0.0,0.0,0.0,0.0,0.9685929648241206,0.0,0.0,0.0,0.0,0.0,0.0,0.0,0.0,0.0,0.031407035175879394,0.0,0.0,0.0
Position 436,0.0,0.0,0.0,0.0,0.0,0.0,0.0,0.0,0.0,0.0,0.0,0.0,0.0,0.0,0.0,0.0,0.0,0.0,1.0,0.0,0.0
Position 437,0.001256281407035176,0.0,0.0,0.0,0.0,0.0,0.0,0.0,0.0,0.0,0.0,0.0,0.0,0.0,0.0,0.0,0.9987437185929648,0.0,0.0,0.0,0.0
Position 438,0.0,0.0,0.0,0.0,0.0,0.0,0.001256281407035176,0.0,0.0,0.0,0.0,0.0,0.0,0.0,0.0,0.0,0.0,0.0,0.0,0.9987437185929648,0.0
Position 439,0.0,0.0,0.0,0.0,0.0,0.0,0.0,0.0,0.0,0.0,0.0,0.9987437185929648,0.0,0.0,0.0,0.001256281407035176,0.0,0.0,0.0,0.0,0.0
Position 440,1.0,0.0,0.0,0.0,0.0,0.0,0.0,0.0,0.0,0.0,0.0,0.0,0.0,0.0,0.0,0.0,0.0,0.0,0.0,0.0,0.0
Position 441,0.0,0.0,0.0,0.9987437185929648,0.0,0.0,0.0,0.0,0.001256281407035176,0.0,0.0,0.0,0.0,0.0,0.0,0.0,0.0,0.0,0.0,0.0,0.0
Position 442,0.0,0.0,0.0,0.0,0.0,0.0,0.0,0.0,0.0,0.9974874371859297,0.0,0.0,0.0,0.0,0.001256281407035176,0.0,0.0,0.001256281407035176,0.0,0.0,0.0
Position 443,0.0,0.0,0.0,0.0,0.001256281407035176,0.0,0.0,0.0,0.0,0.9987437185929648,0.0,0.0,0.0,0.0,0.0,0.0,0.0,0.0,0.0,0.0,0.0
Position 444,0.0,0.0,0.0,0.0,0.001256281407035176,0.0,0.0,0.008793969849246231,0.0,0.0,0.0,0.0,0.0,0.0,0.0,0.0,0.0,0.9899497487437185,0.0,0.0,0.0
Position 445,0.0,0.0,0.0,0.0,0.0,0.0,0.0,0.001256281407035176,0.0,0.9849246231155779,0.0,0.0,0.0,0.0,0.0,0.0,0.0,0.013819095477386936,0.0,0.0,0.0
Position 446,0.0,0.0,0.0,0.0,0.0,0.0,0.0,0.0,0.0,1.0,0.0,0.0,0.0,0.0,0.0,0.0,0.0,0.0,0.0,0.0,0.0
Position 447,0.0,0.0,0.0,1.0,0.0,0.0,0.0,0.0,0.0,0.0,0.0,0.0,0.0,0.0,0.0,0.0,0.0,0.0,0.0,0.0,0.0
Position 448,0.0,0.0,0.0,0.0,0.0,0.0,0.0,0.0,0.0,0.0,0.0,1.0,0.0,0.0,0.0,0.0,0.0,0.0,0.0,0.0,0.0
Position 449,0.0,0.0,0.001256281407035176,0.9949748743718593,0.0,0.001256281407035176,0.0,0.0,0.0,0.0,0.0,0.0,0.0,0.0,0.0,0.0,0.0,0.0,0.0,0.0,0.002512562814070352
Position 450,0.0,0.0,0.0,0.0,0.0,0.0,0.0,0.0,0.001256281407035176,0.0,0.0,0.0,0.0,0.0,0.9962311557788944,0.0,0.0,0.0,0.0,0.0,0.002512562814070352
Position 451,0.0,0.0,0.0,0.0,0.0,0.0,0.0,0.0,0.0,0.0,0.0,0.001256281407035176,0.0,0.0,0.0,0.001256281407035176,0.992462311557789,0.0,0.0,0.0,0.005025125628140704
Position 452,0.0,0.0,0.0,0.0,0.0,0.0,0.0,0.0,0.0,0.9962311557788944,0.0,0.0,0.0,0.0,0.0,0.0,0.0,0.0,0.002512562814070352,0.0,0.001256281407035176
Position 453,0.0,0.0,0.9811557788944724,0.011306532663316583,0.0,0.001256281407035176,0.0,0.0,0.0,0.0,0.0,0.005025125628140704,0.0,0.0,0.0,0.0,0.0,0.0,0.0,0.0,0.001256281407035176
Position 454,0.0,0.0,0.0,0.0,0.228643216080402,0.0,0.001256281407035176,0.0,0.0,0.0,0.0,0.0,0.0,0.0,0.0,0.0,0.0,0.0,0.0,0.7663316582914573,0.0037688442211055275
Position 455,0.0,0.0,0.0,0.0,0.0,0.0,0.9962311557788944,0.0,0.0,0.0,0.0,0.0,0.0,0.001256281407035176,0.0,0.0,0.0,0.0,0.0,0.001256281407035176,0.001256281407035176
Position 456,0.0,0.0,0.9874371859296482,0.0,0.0,0.001256281407035176,0.0,0.0,0.0,0.0,0.0,0.00628140703517588,0.0,0.0,0.0,0.0,0.0,0.0,0.0,0.0,0.005025125628140704
Position 457,0.0,0.0,0.0,0.0,0.002512562814070352,0.0,0.0,0.0,0.0,0.010050251256281407,0.0,0.0,0.0,0.0,0.0,0.9849246231155779,0.0,0.0,0.0,0.0,0.002512562814070352
Position 458,0.0,0.0,0.001256281407035176,0.0,0.0,0.0,0.0,0.0,0.0037688442211055275,0.0,0.0,0.992462311557789,0.0,0.0,0.0,0.001256281407035176,0.0,0.0,0.0,0.0,0.001256281407035176
Position 459,0.001256281407035176,0.0,0.0,0.0,0.0,0.0,0.0,0.0,0.0,0.001256281407035176,0.001256281407035176,0.0,0.0,0.0,0.0,0.0,0.0,0.992462311557789,0.0,0.0,0.0037688442211055275
Position 460,0.0,0.0,0.0,0.001256281407035176,0.0,0.0,0.0,0.0,0.9937185929648241,0.0,0.0,0.001256281407035176,0.0,0.0,0.002512562814070352,0.0,0.0,0.0,0.0,0.0,0.001256281407035176
Position 461,0.0,0.0,0.011306532663316583,0.0,0.0,0.0,0.0,0.0,0.002512562814070352,0.0,0.0,0.9761306532663316,0.0,0.0,0.0,0.005025125628140704,0.002512562814070352,0.0,0.0,0.0,0.002512562814070352
Position 462,0.001256281407035176,0.0,0.0,0.0,0.0,0.0,0.0,0.0,0.0,0.9974874371859297,0.0,0.0,0.0,0.0,0.0,0.0,0.0,0.0,0.0,0.0,0.001256281407035176
Position 463,0.0,0.0,0.0,0.0,0.0,0.0,0.001256281407035176,0.0,0.0,0.0,0.0,0.0,0.0,0.0,0.0,0.0,0.0,0.0,0.0,0.9949748743718593,0.0037688442211055275
Position 464,0.0,0.0,0.001256281407035176,0.9962311557788944,0.0,0.0,0.0,0.0,0.0,0.0,0.0,0.0,0.0,0.0,0.0,0.0,0.0,0.0,0.0,0.0,0.002512562814070352
Position 465,0.0,0.0,0.0,0.0,0.0,0.0,0.0,0.0,0.992462311557789,0.0,0.0,0.001256281407035176,0.0,0.0,0.0037688442211055275,0.0,0.0,0.0,0.0,0.0,0.002512562814070352
Position 466,0.002512562814070352,0.0,0.0,0.0,0.0,0.0,0.0,0.005025125628140704,0.0,0.0,0.0,0.0,0.0,0.0,0.0,0.0,0.0,0.9899497487437185,0.0,0.0,0.002512562814070352
Position 467,0.0,0.0,0.0,0.0,0.0,0.001256281407035176,0.0,0.001256281407035176,0.228643216080402,0.0,0.0,0.0,0.0,0.0,0.7663316582914573,0.0,0.0,0.0,0.0,0.0,0.002512562814070352
Position 468,0.0,0.0,0.002512562814070352,0.0,0.0,0.005025125628140704,0.002512562814070352,0.002512562814070352,0.001256281407035176,0.0,0.0,0.4535175879396985,0.0,0.0,0.0,0.5062814070351759,0.020100502512562814,0.0,0.0,0.0,0.00628140703517588
Position 469,0.0,0.0,0.0,0.0,0.0,0.0,0.0,0.0,0.0,0.0,0.0,0.0,0.0,0.9899497487437185,0.0037688442211055275,0.0,0.0,0.0,0.0,0.0,0.00628140703517588
Position 470,0.0,0.0,0.0,0.0,0.0,0.0,0.0,0.0,0.0,0.9912060301507538,0.0,0.0,0.0,0.0,0.0,0.0,0.0,0.001256281407035176,0.0,0.0,0.007537688442211055
Position 471,0.0,0.0,0.0,0.001256281407035176,0.0,0.0,0.0,0.0,0.9623115577889447,0.0,0.0,0.0,0.0,0.001256281407035176,0.031407035175879394,0.0,0.0,0.0,0.0,0.0,0.0037688442211055275
Position 472,0.0,0.0,0.001256281407035176,0.0,0.0,0.0,0.0,0.001256281407035176,0.008793969849246231,0.0,0.0,0.9723618090452262,0.0,0.0,0.0,0.001256281407035176,0.01256281407035176,0.0,0.0,0.0,0.002512562814070352
Position 473,0.0,0.0,0.0,0.0,0.0,0.0,0.0,0.0,0.0,0.0,0.0,0.9974874371859297,0.0,0.0,0.0,0.001256281407035176,0.0,0.0,0.0,0.0,0.001256281407035176
Position 474,0.9949748743718593,0.0,0.0,0.0,0.0,0.001256281407035176,0.0,0.0,0.0,0.0,0.0,0.0,0.001256281407035176,0.0,0.0,0.0,0.001256281407035176,0.0,0.0,0.0,0.001256281407035176
Position 475,0.0,0.0,0.0,0.001256281407035176,0.0,0.0,0.0,0.0,0.992462311557789,0.0,0.0,0.001256281407035176,0.0,0.001256281407035176,0.002512562814070352,0.0,0.0,0.0,0.0,0.0,0.001256281407035176
Position 476,0.0,0.0,0.001256281407035176,0.9987437185929648,0.0,0.0,0.0,0.0,0.0,0.0,0.0,0.0,0.0,0.0,0.0,0.0,0.0,0.0,0.0,0.0,0.0
Position 477,0.0,0.0,0.0,0.0,0.0,0.0,0.0,0.9761306532663316,0.0,0.008793969849246231,0.005025125628140704,0.0,0.0,0.0,0.0,0.0,0.002512562814070352,0.007537688442211055,0.0,0.0,0.0
Position 478,0.0,0.0,0.0,0.002512562814070352,0.0,0.9949748743718593,0.0,0.0,0.002512562814070352,0.0,0.0,0.0,0.0,0.0,0.0,0.0,0.0,0.0,0.0,0.0,0.0
Position 479,0.0,0.0,0.001256281407035176,0.0,0.0,0.0,0.0,0.0,0.001256281407035176,0.0,0.0,0.9949748743718593,0.0,0.0,0.0,0.0,0.0,0.0,0.0,0.002512562814070352,0.0
Position 480,0.0,0.0,0.0,0.0,0.0,0.9987437185929648,0.0,0.0,0.0,0.0,0.0,0.0,0.0,0.0,0.001256281407035176,0.0,0.0,0.0,0.0,0.0,0.0
Position 481,0.0,1.0,0.0,0.0,0.0,0.0,0.0,0.0,0.0,0.0,0.0,0.0,0.0,0.0,0.0,0.0,0.0,0.0,0.0,0.0,0.0
Position 482,0.0,0.0,0.0,0.0,0.9974874371859297,0.0,0.0,0.0,0.0,0.001256281407035176,0.0,0.0,0.0,0.0,0.0,0.001256281407035176,0.0,0.0,0.0,0.0,0.0
Position 483,0.0,0.0,0.0,0.9987437185929648,0.0,0.0,0.0,0.0,0.001256281407035176,0.0,0.0,0.0,0.0,0.0,0.0,0.0,0.0,0.0,0.0,0.0,0.0
Position 484,0.0,0.0,0.0,0.0,0.9962311557788944,0.0,0.0,0.001256281407035176,0.0,0.002512562814070352,0.0,0.0,0.0,0.0,0.0,0.0,0.0,0.0,0.0,0.0,0.0
Position 485,0.0,0.0,0.0,0.0,0.001256281407035176,0.0,0.001256281407035176,0.0,0.0,0.0,0.0,0.001256281407035176,0.0,0.0,0.0,0.001256281407035176,0.001256281407035176,0.0,0.0,0.9937185929648241,0.0
Position 486,0.0,0.0,0.001256281407035176,0.0,0.0,0.0,0.9974874371859297,0.0,0.0,0.001256281407035176,0.0,0.0,0.0,0.0,0.0,0.0,0.0,0.0,0.0,0.0,0.0
Position 487,0.0,0.0,0.0,0.001256281407035176,0.0,0.0,0.0,0.0,0.9974874371859297,0.0,0.0,0.0,0.0,0.001256281407035176,0.0,0.0,0.0,0.0,0.0,0.0,0.0
Position 488,0.0,0.9949748743718593,0.0,0.0,0.005025125628140704,0.0,0.0,0.0,0.0,0.0,0.0,0.0,0.0,0.0,0.0,0.0,0.0,0.0,0.0,0.0,0.0
Position 489,0.0,0.0,0.7939698492462312,0.0,0.0,0.001256281407035176,0.0,0.0,0.0,0.0,0.0,0.2022613065326633,0.0,0.0,0.0,0.0,0.0,0.0,0.0,0.0,0.002512562814070352
Position 490,0.0,0.0,0.13819095477386933,0.0,0.0,0.001256281407035176,0.0,0.0,0.0,0.0,0.0,0.8580402010050251,0.0,0.0,0.0,0.002512562814070352,0.0,0.0,0.0,0.0,0.0
Position 491,0.008793969849246231,0.0,0.0,0.2198492462311558,0.0,0.0,0.0,0.0,0.002512562814070352,0.0,0.016331658291457288,0.0,0.001256281407035176,0.001256281407035176,0.001256281407035176,0.001256281407035176,0.7449748743718593,0.0,0.0,0.0,0.002512562814070352
Position 492,0.0,0.9937185929648241,0.0,0.0,0.0,0.001256281407035176,0.0,0.0,0.0,0.0,0.0,0.0,0.001256281407035176,0.0,0.0,0.001256281407035176,0.0,0.0,0.001256281407035176,0.0,0.001256281407035176
Position 493,0.0,0.0,0.0,0.0,0.0,0.0,0.0,0.002512562814070352,0.0,0.001256281407035176,0.9949748743718593,0.0,0.0,0.0,0.0,0.0,0.0,0.0,0.0,0.0,0.001256281407035176
Position 494,0.0,0.0,0.002512562814070352,0.9899497487437185,0.0,0.0,0.0,0.0,0.005025125628140704,0.0,0.0,0.0,0.0,0.0,0.0,0.0,0.0,0.001256281407035176,0.0,0.0,0.001256281407035176
Position 495,0.0,0.0,0.0,0.0,0.0,0.001256281407035176,0.0,0.0,0.0,0.0,0.0,0.002512562814070352,0.0,0.0,0.0037688442211055275,0.992462311557789,0.0,0.0,0.0,0.0,0.0
Position 496,0.0,0.0,0.0,0.0,0.001256281407035176,0.0,0.0,0.007537688442211055,0.0,0.0,0.0,0.0,0.0,0.0,0.0,0.0,0.0,0.9912060301507538,0.0,0.0,0.0
Position 497,0.0,0.0,0.0,0.0,0.0,0.0,0.0,0.0,0.9685929648241206,0.0,0.0,0.0,0.0,0.001256281407035176,0.03015075376884422,0.0,0.0,0.0,0.0,0.0,0.0
Position 498,0.0,0.0,0.001256281407035176,0.0,0.0,0.0,0.001256281407035176,0.0,0.0,0.0,0.0,0.9974874371859297,0.0,0.0,0.0,0.0,0.0,0.0,0.0,0.0,0.0
Position 499,0.0,0.0,0.0,0.00628140703517588,0.0,0.9937185929648241,0.0,0.0,0.0,0.0,0.0,0.0,0.0,0.0,0.0,0.0,0.0,0.0,0.0,0.0,0.0
Position 500,0.0,0.0,0.0,0.0,0.0,0.0,0.0,0.0037688442211055275,0.0,0.0,0.0,0.002512562814070352,0.0,0.0,0.0,0.001256281407035176,0.992462311557789,0.0,0.0,0.0,0.0
Position 501,0.0,0.0,0.0,0.0,0.0,0.0,0.0,0.0,0.001256281407035176,0.0,0.0,0.0,0.0,0.0,0.0,0.0,0.0,0.0,0.0,0.9962311557788944,0.002512562814070352
Position 502,0.0,0.0,0.9886934673366834,0.0037688442211055275,0.0,0.0,0.0,0.0,0.001256281407035176,0.0,0.0,0.00628140703517588,0.0,0.0,0.0,0.0,0.0,0.0,0.0,0.0,0.0
Position 503,0.0,0.0,0.001256281407035176,0.0,0.0,0.0,0.0,0.0,0.0,0.0,0.0,0.0,0.0,0.0,0.0,0.002512562814070352,0.0,0.0,0.0,0.9962311557788944,0.0
Position 504,0.0,0.0,0.0,0.0,0.0,0.0,0.0,0.0,0.0,0.0,0.0,0.0,0.9974874371859297,0.0,0.0,0.001256281407035176,0.001256281407035176,0.0,0.0,0.0,0.0
Position 505,0.0,0.0,0.0,0.0,0.0,0.0,0.0,0.0,0.992462311557789,0.0,0.0,0.001256281407035176,0.0,0.0,0.00628140703517588,0.0,0.0,0.0,0.0,0.0,0.0
Position 506,0.0,0.0,0.001256281407035176,0.0,0.002512562814070352,0.0,0.0,0.0,0.0,0.0,0.0,0.001256281407035176,0.0,0.0,0.0,0.0,0.0,0.0,0.0,0.992462311557789,0.002512562814070352
Position 507,0.0,0.0,0.0,0.0,0.0,0.0,0.0,0.0,0.0,0.002512562814070352,0.0,0.0,0.0,0.0,0.0,0.9962311557788944,0.0,0.0,0.0,0.001256281407035176,0.0
Position 508,0.0,0.0,0.001256281407035176,0.9798994974874372,0.0,0.007537688442211055,0.0,0.0,0.008793969849246231,0.0,0.0,0.0,0.0,0.0,0.0,0.0,0.0,0.0,0.0,0.0,0.002512562814070352
Position 509,0.0,0.0,0.0,0.9987437185929648,0.0,0.0,0.0,0.0,0.001256281407035176,0.0,0.0,0.0,0.0,0.0,0.0,0.0,0.0,0.0,0.0,0.0,0.0
Position 510,0.7638190954773869,0.0,0.0,0.0,0.0,0.0,0.0,0.0,0.0,0.0,0.0,0.0,0.0,0.0,0.0,0.23366834170854273,0.002512562814070352,0.0,0.0,0.0,0.0
Position 511,0.0,0.0,0.0,0.001256281407035176,0.0,0.0,0.0,0.0,0.992462311557789,0.0,0.0,0.001256281407035176,0.0,0.0,0.002512562814070352,0.0,0.001256281407035176,0.0,0.0,0.0,0.001256281407035176
Position 512,0.0,0.0,0.0,0.0,0.0,0.0,0.0,0.0,0.001256281407035176,0.9987437185929648,0.0,0.0,0.0,0.0,0.0,0.0,0.0,0.0,0.0,0.0,0.0
Position 513,0.0,0.0,0.0,0.0,0.0,0.0,0.0,0.001256281407035176,0.005025125628140704,0.0,0.0,0.9610552763819096,0.0,0.0,0.0,0.028894472361809045,0.0037688442211055275,0.0,0.0,0.0,0.0
Position 514,0.0,0.0,0.0,0.0,0.0,0.001256281407035176,0.0,0.0,0.00628140703517588,0.0,0.0,0.0,0.0,0.0,0.9912060301507538,0.0,0.0,0.0,0.0,0.0,0.001256281407035176
Position 515,0.001256281407035176,0.0,0.001256281407035176,0.9886934673366834,0.0,0.002512562814070352,0.0,0.0,0.005025125628140704,0.0,0.0,0.0,0.0,0.001256281407035176,0.0,0.0,0.0,0.0,0.0,0.0,0.0
Position 516,0.0,0.0,0.0,0.46608040201005024,0.0,0.0,0.0,0.0,0.5314070351758794,0.0,0.0,0.0,0.0,0.0,0.0,0.0,0.0,0.002512562814070352,0.0,0.0,0.0
Position 517,0.0,0.0,0.0,0.0,0.0,0.0,0.0,0.9874371859296482,0.0,0.0,0.001256281407035176,0.0,0.0,0.0,0.0,0.001256281407035176,0.0,0.010050251256281407,0.0,0.0,0.0
Position 518,0.001256281407035176,0.0,0.9849246231155779,0.008793969849246231,0.0,0.0,0.0,0.0,0.0,0.0,0.0,0.0037688442211055275,0.0,0.0,0.0,0.0,0.0,0.0,0.0,0.001256281407035176,0.0
Position 519,0.001256281407035176,0.0,0.0,0.001256281407035176,0.0,0.9949748743718593,0.0,0.0,0.0,0.0,0.0,0.0,0.0,0.0,0.001256281407035176,0.0,0.0,0.001256281407035176,0.0,0.0,0.0
Position 520,0.0,0.0,0.0,0.001256281407035176,0.0,0.001256281407035176,0.0,0.00628140703517588,0.0,0.0037688442211055275,0.0,0.0,0.0,0.0,0.0,0.0,0.0,0.9874371859296482,0.0,0.0,0.0
Position 521,0.0,0.0,0.0,0.001256281407035176,0.0,0.0,0.0,0.0,0.992462311557789,0.0,0.0,0.001256281407035176,0.0,0.001256281407035176,0.002512562814070352,0.0,0.001256281407035176,0.0,0.0,0.0,0.0
Position 522,0.0,0.0,0.0,0.0,0.002512562814070352,0.0,0.0,0.0,0.0,0.9962311557788944,0.0,0.0,0.0,0.0,0.001256281407035176,0.0,0.0,0.0,0.0,0.0,0.0
Position 523,0.0,0.0,0.018844221105527637,0.9786432160804021,0.0,0.002512562814070352,0.0,0.0,0.0,0.0,0.0,0.0,0.0,0.0,0.0,0.0,0.0,0.0,0.0,0.0,0.0
Position 524,0.0,0.0,0.0,0.0,0.0,0.0,0.0,0.0,0.0,0.0,0.0,0.0,0.001256281407035176,0.0,0.0,0.9987437185929648,0.0,0.0,0.0,0.0,0.0
Position 525,0.00628140703517588,0.0,0.0,0.0,0.0,0.0,0.0,0.002512562814070352,0.0,0.001256281407035176,0.22110552763819097,0.0,0.002512562814070352,0.0,0.0,0.0,0.7650753768844221,0.001256281407035176,0.0,0.0,0.0
Position 526,0.0,0.0,0.0,0.001256281407035176,0.0,0.2236180904522613,0.0,0.0,0.002512562814070352,0.0,0.00628140703517588,0.0,0.0,0.0,0.7650753768844221,0.0,0.0,0.0,0.0,0.0,0.001256281407035176
Position 527,0.001256281407035176,0.0,0.0,0.0,0.0,0.0,0.0,0.7663316582914573,0.0,0.001256281407035176,0.0,0.0,0.0,0.0,0.0,0.0,0.002512562814070352,0.228643216080402,0.0,0.0,0.0
Position 528,0.0,0.0,0.0,0.0,0.0,0.0,0.0037688442211055275,0.0,0.0,0.0,0.0,0.0,0.0,0.0,0.0,0.001256281407035176,0.0,0.0,0.0,0.9949748743718593,0.0
Position 529,0.0,0.0,0.0,0.0,0.0,0.0,0.001256281407035176,0.0,0.0,0.0,0.0,0.001256281407035176,0.0,0.9874371859296482,0.010050251256281407,0.0,0.0,0.0,0.0,0.0,0.0
Position 530,0.0,0.0,0.0,0.0,0.0,0.0,0.0,1.0,0.0,0.0,0.0,0.0,0.0,0.0,0.0,0.0,0.0,0.0,0.0,0.0,0.0
Position 531,0.0,0.0,0.0,0.0,0.0,0.0,0.0,0.0,0.0,1.0,0.0,0.0,0.0,0.0,0.0,0.0,0.0,0.0,0.0,0.0,0.0
Position 532,0.9949748743718593,0.0,0.0,0.0,0.0,0.001256281407035176,0.0,0.0,0.0,0.0,0.0,0.0,0.0,0.0,0.0,0.001256281407035176,0.001256281407035176,0.001256281407035176,0.0,0.0,0.0
Position 533,0.0,0.0,0.0,0.0,0.0,0.0,0.0,0.9937185929648241,0.0,0.0,0.0,0.0,0.0,0.0,0.0,0.0,0.002512562814070352,0.0037688442211055275,0.0,0.0,0.0
Position 534,0.0,0.0,0.0,0.0,0.0,0.0,0.0,0.0,0.0,0.0,0.0,0.0,0.0,0.0,0.0,0.0,0.0,0.0,0.0,1.0,0.0
Position 535,0.001256281407035176,0.0,0.0,0.0,0.0,0.0,0.0,0.0,0.0,0.0,0.0,0.0,0.0,0.0,0.0,0.9987437185929648,0.0,0.0,0.0,0.0,0.0
Position 536,0.0,0.0,0.0,0.0,0.0,0.0,0.0,0.0,0.0,0.0,0.0,0.0,0.001256281407035176,0.0,0.0,0.0,0.9962311557788944,0.0,0.0,0.0,0.002512562814070352
Position 537,0.06155778894472362,0.0,0.0,0.0,0.0,0.001256281407035176,0.0,0.001256281407035176,0.0,0.0,0.0,0.0,0.0,0.0,0.0,0.0,0.0,0.9346733668341709,0.0,0.0,0.001256281407035176
Position 538,0.9962311557788944,0.0,0.0,0.0,0.0,0.0,0.0,0.0,0.0,0.0,0.0,0.0,0.0037688442211055275,0.0,0.0,0.0,0.0,0.0,0.0,0.0,0.0
Position 539,0.0,0.0,0.0,0.0,0.0,0.0,0.0,0.0,0.0,0.0,0.0,0.001256281407035176,0.0,0.0,0.001256281407035176,0.9962311557788944,0.0,0.0,0.0,0.0,0.001256281407035176
Position 540,0.0,0.0,0.0,0.0,0.0,0.0,0.0,0.0,0.0,0.0,0.0,0.0,0.0,0.0,0.0,0.9974874371859297,0.001256281407035176,0.0,0.0,0.001256281407035176,0.0
Position 541,0.0,0.0,0.0,0.0,0.001256281407035176,0.0,0.0,0.0,0.0,0.9974874371859297,0.001256281407035176,0.0,0.0,0.0,0.0,0.0,0.0,0.0,0.0,0.0,0.0
Position 542,0.0,0.0,0.0,0.0,0.0,0.0,0.0,0.0037688442211055275,0.0,0.0,0.0,0.0,0.0,0.0,0.0,0.0,0.0,0.9962311557788944,0.0,0.0,0.0
Position 543,0.0,0.0,0.0,0.0,0.001256281407035176,0.0,0.0,0.0,0.001256281407035176,0.9874371859296482,0.005025125628140704,0.0,0.001256281407035176,0.0037688442211055275,0.0,0.0,0.0,0.0,0.0,0.0,0.0
Position 544,0.00628140703517588,0.0,0.0,0.0,0.0,0.0,0.0,0.0037688442211055275,0.0,0.23618090452261306,0.0,0.0,0.0,0.0,0.0,0.0,0.0,0.7537688442211056,0.0,0.0,0.0
Position 545,0.0,0.0,0.0,0.0,0.0,0.0,0.0,0.008793969849246231,0.0,0.0,0.0,0.0,0.0,0.0,0.0,0.0,0.0,0.9912060301507538,0.0,0.0,0.0
Position 546,0.0,0.0,0.0,0.0,0.002512562814070352,0.0,0.0,0.0,0.0,0.0,0.0,0.0,0.0,0.0,0.0,0.9962311557788944,0.001256281407035176,0.0,0.0,0.0,0.0
Position 547,0.0,0.0,0.0,0.0,0.0,0.0,0.0,0.0,0.0,0.9937185929648241,0.0,0.0,0.001256281407035176,0.0037688442211055275,0.001256281407035176,0.0,0.0,0.0,0.0,0.0,0.0
Position 548,0.002512562814070352,0.0,0.0,0.0,0.0,0.9962311557788944,0.0,0.0,0.0,0.0,0.0,0.0,0.0,0.0,0.0,0.0,0.0,0.0,0.001256281407035176,0.0,0.0
Position 549,0.9861809045226131,0.0,0.0,0.01256281407035176,0.0,0.0,0.0,0.0,0.0,0.0,0.0,0.0,0.0,0.0,0.0,0.0,0.001256281407035176,0.0,0.0,0.0,0.0
Position 550,0.0,0.0,0.0,0.0,0.001256281407035176,0.0,0.0,0.992462311557789,0.0,0.0,0.0,0.0,0.0,0.0,0.0,0.0,0.0,0.0037688442211055275,0.0,0.0,0.002512562814070352
Position 551,0.0,0.001256281407035176,0.0,0.0,0.001256281407035176,0.0037688442211055275,0.0,0.001256281407035176,0.0,0.0,0.0,0.0,0.001256281407035176,0.0,0.0,0.9912060301507538,0.0,0.0,0.0,0.0,0.0
Position 552,0.0,0.0,0.0,0.0,0.9987437185929648,0.0,0.0,0.0,0.001256281407035176,0.0,0.0,0.0,0.0,0.0,0.0,0.0,0.0,0.0,0.0,0.0,0.0
Position 553,0.0,0.0,0.0,0.0,0.0,0.0,0.0,0.0,0.0,0.0,0.0,0.0,0.0,0.0,0.001256281407035176,0.0,0.0,0.0,0.9974874371859297,0.0,0.001256281407035176
Position 554,0.0,0.0,0.0,0.0,0.0,0.0,0.0,0.0,0.001256281407035176,0.0,0.9987437185929648,0.0,0.0,0.0,0.0,0.0,0.0,0.0,0.0,0.0,0.0
Position 555,0.0,0.9974874371859297,0.0,0.0,0.0,0.0,0.0,0.0,0.0,0.0,0.0,0.0,0.0,0.0,0.002512562814070352,0.0,0.0,0.0,0.0,0.0,0.0
Position 556,0.0,0.001256281407035176,0.0,0.0,0.011306532663316583,0.0,0.0,0.0,0.0,0.0,0.0,0.0,0.001256281407035176,0.0,0.0,0.9849246231155779,0.0,0.0,0.0,0.001256281407035176,0.0
Position 557,0.0,0.0,0.0,0.0,0.0,0.00628140703517588,0.002512562814070352,0.0,0.0,0.0,0.001256281407035176,0.9861809045226131,0.0,0.0,0.0,0.001256281407035176,0.001256281407035176,0.0,0.0,0.0,0.001256281407035176
Position 558,0.001256281407035176,0.0,0.0,0.0,0.0,0.9899497487437185,0.00628140703517588,0.0,0.0,0.0,0.001256281407035176,0.0,0.0,0.0,0.0,0.0,0.0,0.0,0.001256281407035176,0.0,0.0
Position 559,0.0,0.0,0.0,0.0,0.0,0.0,0.0,0.0,0.0,0.002512562814070352,0.0,0.0,0.002512562814070352,0.0,0.0,0.9937185929648241,0.0,0.001256281407035176,0.0,0.0,0.0
Position 560,0.0,0.001256281407035176,0.0,0.0,0.0,0.0,0.0,0.0,0.0,0.9937185929648241,0.0,0.0,0.0,0.0,0.0,0.0,0.0,0.0,0.0,0.0,0.005025125628140704
Position 561,0.0,0.0,0.0,0.001256281407035176,0.0,0.0,0.002512562814070352,0.0,0.001256281407035176,0.0,0.0,0.0,0.0,0.9861809045226131,0.0037688442211055275,0.0,0.0,0.0,0.0,0.0,0.005025125628140704
Position 562,0.0,0.992462311557789,0.0,0.0,0.0,0.001256281407035176,0.0,0.0,0.0,0.0,0.0,0.0,0.0,0.0,0.001256281407035176,0.002512562814070352,0.001256281407035176,0.0,0.001256281407035176,0.0,0.0
Position 563,0.0,0.0,0.0,0.0,0.0,0.001256281407035176,0.0,0.0,0.016331658291457288,0.0,0.0,0.0,0.0,0.0,0.9773869346733668,0.001256281407035176,0.001256281407035176,0.0,0.0,0.0,0.002512562814070352
Position 564,0.0,0.0,0.0,0.0,0.0,0.0,0.0,0.9912060301507538,0.001256281407035176,0.0,0.0,0.0,0.0,0.0,0.001256281407035176,0.0,0.0,0.005025125628140704,0.0,0.0,0.001256281407035176
Position 565,0.0,0.9937185929648241,0.0,0.0,0.0,0.001256281407035176,0.0,0.0,0.0,0.0,0.0,0.0,0.0,0.0,0.0,0.001256281407035176,0.0,0.0,0.001256281407035176,0.001256281407035176,0.001256281407035176
Position 566,0.0,0.0,0.0,0.0,0.001256281407035176,0.0,0.0,0.9974874371859297,0.0,0.0,0.0,0.0,0.0,0.0,0.0,0.001256281407035176,0.0,0.0,0.0,0.0,0.0
