pos,entropy
1,0.0
2,0.6656
3,1.7056
4,0.8641
5,1.4436
6,1.572
7,0.3231
8,1.2202
9,1.0889
10,1.4798
11,1.363
12,1.8645
13,1.6562
14,1.5941
15,1.9187
16,1.4916
17,1.0274
18,0.5707
19,0.7603
20,0.0419
21,1.0397
22,0.0227
23,1.0212
24,0.0595
25,0.0838
26,1.1029
27,1.1226
28,1.0072
29,1.0201
30,1.3544
31,1.8366
32,0.0172
33,1.0922
34,0.0086
35,1.1222
36,1.2661
37,1.1726
38,1.2847
39,1.5654
40,1.0329
41,1.0819
42,0.0154
43,0.0897
44,1.0467
45,1.0058
46,1.4549
47,1.3192
48,0.5411
49,1.0427
50,1.0801
51,2.017
52,1.5308
53,1.1515
54,1.6256
55,0.1934
56,1.6056
57,1.0002
58,0.0163
59,2.0522
60,1.319
61,1.9082
62,0.5613
63,1.7162
64,1.8389
65,1.124
66,0.1254
67,1.7746
68,0.9998
69,1.7404
70,1.43
71,0.0236
72,1.5768
73,1.4336
74,1.1601
75,0.9995
76,1.1451
77,1.024
78,0.1542
79,0.0086
80,1.0861
81,0.0159
82,1.6997
83,0.0187
84,1.017
85,1.9787
86,1.0328
87,1.8783
88,1.7528
89,1.3369
90,1.9624
91,1.6144
92,0.0959
93,1.0387
94,1.0216
95,1.0268
96,0.5063
97,0.0454
98,1.4406
99,1.2219
100,1.9498
101,1.5781
102,1.4336
103,1.5838
104,1.3337
105,1.6111
106,0.0104
107,0.0181
108,0.0028
109,1.0147
110,1.1866
111,1.0735
112,1.8503
113,0.5657
114,0.2042
115,1.1045
116,1.0927
117,0.0574
118,0.4123
119,1.4487
120,1.1008
121,1.1488
122,1.1152
123,0.4655
124,1.3207
125,1.4028
126,1.4035
127,1.141
128,0.1868
129,0.8065
130,0.9288
131,0.9226
132,1.1412
133,1.9998
134,1.3228
135,1.163
136,1.9438
137,1.4117
138,1.4388
139,0.1079
140,1.52
141,1.5739
142,1.1115
143,1.9132
144,1.9865
145,2.0558
146,0.0285
147,1.6934
148,0.9702
149,1.7385
150,0.6838
151,0.0064
152,2.1902
153,1.4624
154,2.4822
155,1.191
156,2.8097
157,1.8773
158,0.3582
159,0.0196
160,0.9925
161,1.5653
162,1.1836
163,0.5326
164,1.8274
165,0.0263
166,0.0647
167,1.6661
168,1.9348
169,1.4611
170,1.8558
171,2.4368
172,2.1836
173,0.1155
174,0.1145
175,1.978
176,0.6702
177,1.5017
178,1.7299
179,1.0893
180,1.0507
181,1.9923
182,0.0494
183,1.6121
184,1.9389
185,2.0774
186,1.4154
187,1.3042
188,1.5442
189,0.0365
190,1.3297
191,1.1572
192,0.0304
193,0.0359
194,0.959
195,0.1159
196,0.0466
197,0.1932
198,1.9397
199,1.0766
200,2.2221
201,2.4886
202,0.8335
203,0.051
204,2.0948
205,2.1588
206,0.2787
207,0.0349
208,1.9775
209,1.9166
210,1.8853
211,1.9124
212,1.5154
213,1.2481
214,1.0981
215,1.5798
216,0.2195
217,1.5467
218,0.6627
219,1.1625
220,1.3739
221,1.4281
222,1.4437
223,1.4196
224,2.0703
225,1.551
226,1.7451
227,0.0218
228,1.4334
229,0.2123
230,1.175
231,2.2099
232,0.099
233,0.3521
234,1.5735
235,0.8135
236,0.5154
237,1.4768
238,1.6754
239,1.9292
240,1.0518
241,0.1196
242,1.1577
243,1.473
244,1.3666
245,0.5655
246,0.0187
247,0.1966
248,1.1329
249,0.9334
250,1.2944
251,0.3531
252,0.5491
253,0.0981
254,1.7806
255,1.1032
256,1.8685
257,1.0357
258,1.2284
259,1.1081
260,0.8259
261,0.0276
262,0.0943
263,0.3366
264,1.0499
265,0.8902
266,0.0254
267,0.8084
268,1.2705
269,1.2127
270,0.4205
271,1.2896
272,1.4577
273,1.2673
274,0.8254
275,2.1371
276,1.5793
277,1.5608
278,0.1009
279,1.4233
280,0.1806
281,1.1266
282,1.9417
283,0.2685
284,1.0259
285,1.4511
286,0.9288
287,1.873
288,1.6531
289,1.9994
290,0.0459
291,1.803
292,1.4969
293,1.8552
294,0.0199
295,1.1046
296,0.1246
297,0.181
298,2.125
299,0.0123
300,1.1469
301,0.1435
302,1.1615
303,1.539
304,1.3482
305,1.2588
306,0.0123
307,0.0123
308,0.4445
309,0.0567
310,0.9897
311,1.1198
312,1.3324
313,1.0832
314,0.1299
315,1.1566
316,0.0046
317,1.6649
318,0.0743
319,0.0733
320,1.0196
321,0.0267
322,0.0828
323,0.6027
324,1.4335
325,2.1713
326,1.3354
327,0.0123
328,1.3949
329,0.584
330,0.5493
331,0.0964
332,0.0199
333,1.0215
334,0.0841
335,0.0132
336,0.9505
337,0.0123
338,1.4139
339,1.4577
340,0.6375
341,1.3597
342,0.0548
343,0.0209
344,1.0068
345,0.0037
346,0.0263
347,0.0113
348,0.0285
349,0.0304
350,0.0304
351,0.0028
352,0.0322
353,0.0037
354,1.0225
355,0.0218
356,0.0095
357,1.3712
358,0.0104
359,0.1386
360,0.6576
361,0.1019
362,0.0028
363,0.0168
364,0.0304
365,0.0104
366,1.0149
367,1.0641
368,0.0104
369,0.4393
370,0.0531
371,1.3789
372,1.0132
373,0.0028
374,1.7875
375,0.0381
376,1.1249
377,0.0399
378,0.0104
379,0.0475
380,1.0959
381,0.4936
382,0.0028
383,0.0104
384,0.0037
385,1.5124
386,0.0263
387,0.3005
388,0.7682
389,1.8356
390,0.2797
391,1.0528
392,1.0674
393,0.0199
394,1.0542
395,0.0267
396,1.1132
397,1.2897
398,0.1381
399,1.3527
400,0.0434
401,1.0399
402,0.0796
403,1.2374
404,1.0071
405,0.082
406,1.3619
407,1.1867
408,1.0338
409,1.1583
410,0.4374
411,0.0172
412,0.0449
413,1.073
414,1.738
415,1.0674
416,0.0388
417,1.5532
418,0.1202
419,1.0506
420,1.1613
421,1.1345
422,0.1874
423,1.0902
424,0.1663
425,1.0987
426,0.5732
427,1.0684
428,0.0172
429,1.1443
430,1.1485
431,1.186
432,0.0839
433,1.3791
434,0.0095
435,1.0638
436,0.0227
437,0.0675
438,0.0776
439,0.0599
440,0.0701
441,0.0601
442,0.0701
443,1.0855
444,0.4202
445,0.0181
446,0.0209
447,1.038
448,1.0699
449,0.0518
450,1.0086
451,0.0992
452,1.5737
453,1.1002
454,0.0526
455,0.1263
456,1.0552
457,1.0209
458,1.1413
459,1.0779
460,0.0227
461,1.0133
462,0.437
463,0.5673
464,1.018
465,1.0187
466,2.0422
467,0.0755
468,0.0679
469,1.043
470,1.4353
471,0.0086
472,0.1897
473,1.0926
474,1.0063
475,1.4706
476,0.0282
477,0.167
478,0.0077
479,0.0141
480,0.0282
481,1.0243
482,1.0602
483,0.0904
484,0.0397
485,0.1331
486,0.0256
487,0.5331
488,0.5681
489,1.7213
490,0.0172
491,1.0315
492,1.2701
493,0.0727
494,1.0069
495,1.0064
496,0.0371
497,0.4223
498,0.1012
499,0.0095
500,0.2006
501,1.0602
502,1.6151
503,1.3378
504,0.0307
505,1.2298
506,1.1386
507,0.0077
508,0.6536
509,1.3398
510,1.1054
511,0.5122
512,0.0359
513,1.3677
514,1.551
515,0.0643
516,1.348
517,0.1466
518,0.0953
519,1.0882
520,0.0521
521,1.2421
522,0.0624
523,1.7463
524,1.5512
525,1.6446
526,1.0547
527,1.1909
528,0.0639
529,0.0218
530,1.2957
531,0.1165
532,1.0002
533,1.1713
534,1.0752
535,1.3228
536,1.0198
537,1.1678
538,1.0197
539,0.5173
540,1.4528
541,0.1278
542,1.7584
543,0.6482
544,1.8485
545,0.6864
546,1.4371
547,1.0487
548,1.2887
549,1.2457
550,1.2682
551,0.1302
552,1.1414
553,0.1753
554,1.1872
555,1.1175
556,0.0924
557,1.0523
558,1.158
559,1.0916
560,0.0571
561,1.2222
562,0.1116
563,0.0662
564,0.0154
